시간,발전량
2025-01-01 00:00,2.8768074551337843
2025-01-01 01:00,3.1984122825312657
2025-01-01 02:00,5.9551441275207155
2025-01-01 03:00,5.000195836619526
2025-01-01 04:00,5.280234471874287
2025-01-01 05:00,10.334340833623557
2025-01-01 06:00,13.294537373497434
2025-01-01 07:00,9.4810178773879
2025-01-01 08:00,7.8812723064552115
2025-01-01 09:00,7.671214770712067
2025-01-01 10:00,6.143282216823607
2025-01-01 11:00,3.7324325376362366
2025-01-01 12:00,5.659665845381889
2025-01-01 13:00,3.750843351154131
2025-01-01 14:00,3.292840080635623
2025-01-01 15:00,4.465331749283625
2025-01-01 16:00,4.320003100640838
2025-01-01 17:00,8.441757022631686
2025-01-01 18:00,9.130552839478108
2025-01-01 19:00,8.538564542300483
2025-01-01 20:00,6.442633254332679
2025-01-01 21:00,11.537566700455237
2025-01-01 22:00,11.166022745386087
2025-01-01 23:00,8.600923771726514
2025-01-02 00:00,5.942237668059684
2025-01-02 01:00,9.021140466677808
2025-01-02 02:00,9.020901514878934
2025-01-02 03:00,9.167859733587271
2025-01-02 04:00,10.990330286178128
2025-01-02 05:00,13.95804233702736
2025-01-02 06:00,12.716989614889519
2025-01-02 07:00,11.738242785193455
2025-01-02 08:00,9.839681569862446
2025-01-02 09:00,5.435125570108013
2025-01-02 10:00,6.156519725158341
2025-01-02 11:00,3.9056080560000512
2025-01-02 12:00,2.6966244257878436
2025-01-02 13:00,7.0794436130293645
2025-01-02 14:00,7.5433321794214665
2025-01-02 15:00,10.245533044584427
2025-01-02 16:00,18.626190004441007
2025-01-02 17:00,20.494187291172853
2025-01-02 18:00,19.675674690525575
2025-01-02 19:00,22.69341299103324
2025-01-02 20:00,24.33841278676499
2025-01-02 21:00,19.19798498865057
2025-01-02 22:00,16.575423132387296
2025-01-02 23:00,13.81311555596286
2025-01-03 00:00,21.211019087839812
2025-01-03 01:00,15.68984300656265
2025-01-03 02:00,19.46835271724369
2025-01-03 03:00,19.650584058646068
2025-01-03 04:00,25.30178227501255
2025-01-03 05:00,30.646975557452553
2025-01-03 06:00,29.773780221956788
2025-01-03 07:00,28.721430069675918
2025-01-03 08:00,33.16631971395036
2025-01-03 09:00,26.68456506678569
2025-01-03 10:00,19.872384613207092
2025-01-03 11:00,10.258582061694927
2025-01-03 12:00,7.291740421568174
2025-01-03 13:00,3.663150272339402
2025-01-03 14:00,2.5460957008656693
2025-01-03 15:00,3.3662739334805
2025-01-03 16:00,2.025057865355435
2025-01-03 17:00,6.299904615772406
2025-01-03 18:00,7.8164712779103
2025-01-03 19:00,10.579187187596677
2025-01-03 20:00,21.383608323320463
2025-01-03 21:00,25.390402297778046
2025-01-03 22:00,26.46107777476982
2025-01-03 23:00,25.859067815751832
2025-01-04 00:00,18.97151272123595
2025-01-04 01:00,18.62171280779035
2025-01-04 02:00,14.13420257867894
2025-01-04 03:00,12.768611818395883
2025-01-04 04:00,14.78709857575562
2025-01-04 05:00,8.872680844631505
2025-01-04 06:00,4.159082345665481
2025-01-04 07:00,3.670224103217173
2025-01-04 08:00,1.8303774926850278
2025-01-04 09:00,1.0200416767187201
2025-01-04 10:00,0.23955385103016488
2025-01-04 11:00,1.8811002301805715
2025-01-04 12:00,1.1334913566645097
2025-01-04 13:00,0.0
2025-01-04 14:00,0.057982117652433066
2025-01-04 15:00,1.590560813470375
2025-01-04 16:00,1.5782749284872095
2025-01-04 17:00,0.0
2025-01-04 18:00,0.48763232857139843
2025-01-04 19:00,4.484171100762353
2025-01-04 20:00,6.804424286488008
2025-01-04 21:00,9.98264594737369
2025-01-04 22:00,9.931910923595593
2025-01-04 23:00,10.628296868671056
2025-01-05 00:00,14.31287423748355
2025-01-05 01:00,13.283973729661072
2025-01-05 02:00,15.36802200356473
2025-01-05 03:00,14.128473402499838
2025-01-05 04:00,15.054414994808901
2025-01-05 05:00,19.59146321303086
2025-01-05 06:00,17.44196053206783
2025-01-05 07:00,17.96571723946142
2025-01-05 08:00,20.092833967245443
2025-01-05 09:00,21.446865756244314
2025-01-05 10:00,29.958484795166914
2025-01-05 11:00,31.966966289374945
2025-01-05 12:00,35.115582156215936
2025-01-05 13:00,33.796012102443356
2025-01-05 14:00,35.522488509963225
2025-01-05 15:00,33.48763239575733
2025-01-05 16:00,28.11537132367026
2025-01-05 17:00,29.09788514764928
2025-01-05 18:00,22.24880792574593
2025-01-05 19:00,18.73242675463319
2025-01-05 20:00,20.322728172632804
2025-01-05 21:00,17.774147549663297
2025-01-05 22:00,22.000910044837077
2025-01-05 23:00,21.118379736236264
2025-01-06 00:00,29.973399087272778
2025-01-06 01:00,30.46323168446617
2025-01-06 02:00,33.43789409874473
2025-01-06 03:00,33.110086794386994
2025-01-06 04:00,35.16524245330401
2025-01-06 05:00,33.118006956049086
2025-01-06 06:00,25.84827022231367
2025-01-06 07:00,23.493593955020067
2025-01-06 08:00,24.469821249374156
2025-01-06 09:00,26.274895208230923
2025-01-06 10:00,28.524170478069305
2025-01-06 11:00,32.913578625750105
2025-01-06 12:00,31.945640764091735
2025-01-06 13:00,39.53184700039539
2025-01-06 14:00,40.901582041203156
2025-01-06 15:00,40.838982632441784
2025-01-06 16:00,42.40123224932505
2025-01-06 17:00,40.88823383020667
2025-01-06 18:00,43.10799514775431
2025-01-06 19:00,50.776287528425584
2025-01-06 20:00,48.86501146544663
2025-01-06 21:00,51.20804543656601
2025-01-06 22:00,55.61166528378081
2025-01-06 23:00,55.62953443585165
2025-01-07 00:00,57.35686822380557
2025-01-07 01:00,56.88205881074965
2025-01-07 02:00,49.81515600200209
2025-01-07 03:00,50.86912245916387
2025-01-07 04:00,49.90382483199519
2025-01-07 05:00,34.690999366860666
2025-01-07 06:00,19.026157482344086
2025-01-07 07:00,17.1523084435244
2025-01-07 08:00,10.537251358461955
2025-01-07 09:00,7.099044712698639
2025-01-07 10:00,19.58240512634161
2025-01-07 11:00,23.80604883861687
2025-01-07 12:00,41.864683452736145
2025-01-07 13:00,31.206275673930463
2025-01-07 14:00,34.64936804548016
2025-01-07 15:00,39.14661390271519
2025-01-07 16:00,35.107770262754215
2025-01-07 17:00,31.74745278244969
2025-01-07 18:00,37.49327092349377
2025-01-07 19:00,40.49290119093281
2025-01-07 20:00,30.692819610318445
2025-01-07 21:00,28.81525547151615
2025-01-07 22:00,35.161956135005184
2025-01-07 23:00,35.54429927627382
2025-01-08 00:00,34.61766338005726
2025-01-08 01:00,32.52560043337706
2025-01-08 02:00,28.51278757387504
2025-01-08 03:00,33.80134402042754
2025-01-08 04:00,27.66550878108658
2025-01-08 05:00,23.89298682781792
2025-01-08 06:00,19.175566394859988
2025-01-08 07:00,12.68255009748096
2025-01-08 08:00,13.525168562487147
2025-01-08 09:00,12.724629344118803
2025-01-08 10:00,18.37934620538469
2025-01-08 11:00,17.157528716008034
2025-01-08 12:00,22.143174037543208
2025-01-08 13:00,19.279957773463032
2025-01-08 14:00,30.109013653566993
2025-01-08 15:00,29.623396078220072
2025-01-08 16:00,30.43928349969965
2025-01-08 17:00,35.72925810995747
2025-01-08 18:00,43.4532227835511
2025-01-08 19:00,49.09568801275282
2025-01-08 20:00,50.308266694852136
2025-01-08 21:00,48.94808046292775
2025-01-08 22:00,50.6514206100872
2025-01-08 23:00,52.73342337348631
2025-01-09 00:00,47.75198538044058
2025-01-09 01:00,49.769787719593886
2025-01-09 02:00,53.377164663131914
2025-01-09 03:00,51.65626205867226
2025-01-09 04:00,52.52234831253721
2025-01-09 05:00,51.3500123543717
2025-01-09 06:00,49.56093490425411
2025-01-09 07:00,52.966397374436156
2025-01-09 08:00,50.76097571446485
2025-01-09 09:00,47.14881699291049
2025-01-09 10:00,47.583290328554455
2025-01-09 11:00,49.73677613488958
2025-01-09 12:00,46.66943284055789
2025-01-09 13:00,47.373594590188944
2025-01-09 14:00,44.24452556803986
2025-01-09 15:00,41.34189807343856
2025-01-09 16:00,42.64002596196071
2025-01-09 17:00,47.50293968609033
2025-01-09 18:00,49.264304652212346
2025-01-09 19:00,48.379623512132085
2025-01-09 20:00,51.38182366174983
2025-01-09 21:00,50.619813697259055
2025-01-09 22:00,48.18008810337269
2025-01-09 23:00,39.258651205162415
2025-01-10 00:00,30.29322890207371
2025-01-10 01:00,18.640710516385255
2025-01-10 02:00,15.012049687762472
2025-01-10 03:00,15.190958976417134
2025-01-10 04:00,14.561607554975051
2025-01-10 05:00,14.521141430330049
2025-01-10 06:00,15.08250306472149
2025-01-10 07:00,14.532429403087596
2025-01-10 08:00,12.013700113642706
2025-01-10 09:00,8.094598589590218
2025-01-10 10:00,4.712896849411095
2025-01-10 11:00,4.869352459643101
2025-01-10 12:00,8.099105269953414
2025-01-10 13:00,8.368914141376784
2025-01-10 14:00,6.769060943486871
2025-01-10 15:00,8.340663277391467
2025-01-10 16:00,12.430847660920747
2025-01-10 17:00,7.424102963468299
2025-01-10 18:00,8.018850725159455
2025-01-10 19:00,8.253627428811743
2025-01-10 20:00,6.627007480447647
2025-01-10 21:00,14.041356489923583
2025-01-10 22:00,9.615105142315569
2025-01-10 23:00,7.360633485292612
2025-01-11 00:00,8.978526819046504
2025-01-11 01:00,8.306344402028627
2025-01-11 02:00,8.508465862923531
2025-01-11 03:00,9.950753772142521
2025-01-11 04:00,11.657704689038273
2025-01-11 05:00,8.393156942489755
2025-01-11 06:00,5.677631819727244
2025-01-11 07:00,7.084221319134349
2025-01-11 08:00,5.955049715488974
2025-01-11 09:00,5.231418402534409
2025-01-11 10:00,2.4367786992773697
2025-01-11 11:00,2.4194040208280447
2025-01-11 12:00,1.3746330266964524
2025-01-11 13:00,2.052396274362549
2025-01-11 14:00,0.43311641642330995
2025-01-11 15:00,1.021515940688924
2025-01-11 16:00,0.568977653196133
2025-01-11 17:00,2.371858366471845
2025-01-11 18:00,4.214710929944935
2025-01-11 19:00,7.060695675697677
2025-01-11 20:00,8.589439093807288
2025-01-11 21:00,10.486450243110138
2025-01-11 22:00,13.193770893951404
2025-01-11 23:00,11.672801463595608
2025-01-12 00:00,13.645300691052283
2025-01-12 01:00,13.733619490867156
2025-01-12 02:00,14.908975288389614
2025-01-12 03:00,11.18716361840922
2025-01-12 04:00,15.229867741447402
2025-01-12 05:00,11.503023867131773
2025-01-12 06:00,13.313408876420908
2025-01-12 07:00,14.99277813362619
2025-01-12 08:00,9.356673421359142
2025-01-12 09:00,5.836331966244521
2025-01-12 10:00,1.9848814718798558
2025-01-12 11:00,1.0119123426424645
2025-01-12 12:00,1.992758961223136
2025-01-12 13:00,2.6104648999010682
2025-01-12 14:00,3.7744051149171463
2025-01-12 15:00,2.8451092799553
2025-01-12 16:00,5.0865316585675515
2025-01-12 17:00,3.1277530361419097
2025-01-12 18:00,5.353559717675426
2025-01-12 19:00,4.608766311900039
2025-01-12 20:00,6.885409762390731
2025-01-12 21:00,10.729813309339146
2025-01-12 22:00,10.417151416300424
2025-01-12 23:00,8.591349971797046
2025-01-13 00:00,7.048815794465897
2025-01-13 01:00,3.7119777056584806
2025-01-13 02:00,3.2053378043893095
2025-01-13 03:00,4.336828201471607
2025-01-13 04:00,3.4721378556580245
2025-01-13 05:00,3.9963564532476377
2025-01-13 06:00,3.711198093975206
2025-01-13 07:00,3.706465673889307
2025-01-13 08:00,2.269063465125166
2025-01-13 09:00,1.7128516686140551
2025-01-13 10:00,3.64709653190659
2025-01-13 11:00,2.008099143617811
2025-01-13 12:00,2.0474533229573963
2025-01-13 13:00,0.7297242504914825
2025-01-13 14:00,0.3794055531684779
2025-01-13 15:00,0.18004771246600546
2025-01-13 16:00,2.0364923414188083
2025-01-13 17:00,6.0823357751327976
2025-01-13 18:00,13.619532604655207
2025-01-13 19:00,19.814949638051427
2025-01-13 20:00,27.175256602058983
2025-01-13 21:00,28.6040264790957
2025-01-13 22:00,25.713249758928175
2025-01-13 23:00,25.871493420730904
2025-01-14 00:00,26.903598676963263
2025-01-14 01:00,24.96684099156522
2025-01-14 02:00,27.777890173685563
2025-01-14 03:00,28.890186096119532
2025-01-14 04:00,29.270047393446983
2025-01-14 05:00,35.925130968259026
2025-01-14 06:00,35.967023457166704
2025-01-14 07:00,28.46543217144777
2025-01-14 08:00,25.325346078250124
2025-01-14 09:00,24.026434917769308
2025-01-14 10:00,16.536689415513262
2025-01-14 11:00,11.910863244793
2025-01-14 12:00,12.30671871385569
2025-01-14 13:00,8.966160055996612
2025-01-14 14:00,9.546463545138858
2025-01-14 15:00,10.204269677385048
2025-01-14 16:00,18.52314712357384
2025-01-14 17:00,19.93197335493657
2025-01-14 18:00,26.39492929235112
2025-01-14 19:00,29.564393430718958
2025-01-14 20:00,37.76308097349768
2025-01-14 21:00,41.65944810002392
2025-01-14 22:00,45.52928193858756
2025-01-14 23:00,46.77313600264705
2025-01-15 00:00,46.14268787140802
2025-01-15 01:00,48.04338985817038
2025-01-15 02:00,45.69189325237709
2025-01-15 03:00,47.92087357159138
2025-01-15 04:00,51.92101799229426
2025-01-15 05:00,53.155554677683966
2025-01-15 06:00,50.082254362596714
2025-01-15 07:00,45.67358073374551
2025-01-15 08:00,46.85247406892539
2025-01-15 09:00,46.07364426170112
2025-01-15 10:00,44.83821639725984
2025-01-15 11:00,40.39465547723316
2025-01-15 12:00,37.09236412931905
2025-01-15 13:00,35.48020815990181
2025-01-15 14:00,34.72729596366871
2025-01-15 15:00,34.882453317575184
2025-01-15 16:00,28.777653812037727
2025-01-15 17:00,31.775386614601995
2025-01-15 18:00,32.24301154202983
2025-01-15 19:00,36.93894047490849
2025-01-15 20:00,36.78450920480357
2025-01-15 21:00,31.670887330789192
2025-01-15 22:00,23.434636911567758
2025-01-15 23:00,16.58228556618454
2025-01-16 00:00,14.044464594755084
2025-01-16 01:00,9.262710392257272
2025-01-16 02:00,7.935918735219158
2025-01-16 03:00,11.70706243890213
2025-01-16 04:00,12.45845256179186
2025-01-16 05:00,14.42014615362893
2025-01-16 06:00,15.372523677580713
2025-01-16 07:00,10.080714764183412
2025-01-16 08:00,13.005947330616817
2025-01-16 09:00,12.003965476089604
2025-01-16 10:00,10.5361863334162
2025-01-16 11:00,7.4982566126144565
2025-01-16 12:00,6.072294264413567
2025-01-16 13:00,6.378406925144175
2025-01-16 14:00,9.493451721688176
2025-01-16 15:00,7.686843368143385
2025-01-16 16:00,6.598625983564168
2025-01-16 17:00,11.41252224563434
2025-01-16 18:00,14.453126776937992
2025-01-16 19:00,21.444161863588153
2025-01-16 20:00,20.896880775861074
2025-01-16 21:00,16.829025903342753
2025-01-16 22:00,19.201559376597462
2025-01-16 23:00,21.563462378758267
2025-01-17 00:00,14.44090598102625
2025-01-17 01:00,21.757446517664928
2025-01-17 02:00,23.691337074489848
2025-01-17 03:00,25.853155906464995
2025-01-17 04:00,25.319333755346353
2025-01-17 05:00,18.518279875106224
2025-01-17 06:00,12.38409247083869
2025-01-17 07:00,9.396331584112545
2025-01-17 08:00,7.053899967148005
2025-01-17 09:00,3.0425306590408465
2025-01-17 10:00,1.713622798729215
2025-01-17 11:00,2.002461903632969
2025-01-17 12:00,3.410265419323388
2025-01-17 13:00,6.913219825665808
2025-01-17 14:00,7.360291859632903
2025-01-17 15:00,8.539892401656019
2025-01-17 16:00,12.241616752987285
2025-01-17 17:00,11.786614781469488
2025-01-17 18:00,11.94189418742674
2025-01-17 19:00,18.23035953647793
2025-01-17 20:00,15.480577487019408
2025-01-17 21:00,16.796987650334103
2025-01-17 22:00,17.986472587180792
2025-01-17 23:00,15.095446179357399
2025-01-18 00:00,10.072528071282683
2025-01-18 01:00,9.317377269487448
2025-01-18 02:00,8.424825983919778
2025-01-18 03:00,11.331188066750366
2025-01-18 04:00,9.108955740074764
2025-01-18 05:00,5.3994894936010285
2025-01-18 06:00,5.5145730534032715
2025-01-18 07:00,6.243786755842302
2025-01-18 08:00,4.822669214058439
2025-01-18 09:00,3.8544931340446813
2025-01-18 10:00,2.3025352295011667
2025-01-18 11:00,0.8869989168211933
2025-01-18 12:00,1.6175211781468493
2025-01-18 13:00,2.86096658849809
2025-01-18 14:00,2.8134867281450417
2025-01-18 15:00,4.3468736268370245
2025-01-18 16:00,4.40347443984914
2025-01-18 17:00,6.637541653377062
2025-01-18 18:00,7.765502972913235
2025-01-18 19:00,6.170108051665044
2025-01-18 20:00,6.591363627311973
2025-01-18 21:00,7.072120599093659
2025-01-18 22:00,6.861599700604223
2025-01-18 23:00,9.48547675011421
2025-01-19 00:00,8.724185073675187
2025-01-19 01:00,8.433834134319769
2025-01-19 02:00,5.969721822642938
2025-01-19 03:00,4.785527240704873
2025-01-19 04:00,8.04492573475968
2025-01-19 05:00,9.737567755395462
2025-01-19 06:00,6.6803164634727334
2025-01-19 07:00,6.433108053649554
2025-01-19 08:00,5.104156545131143
2025-01-19 09:00,4.548443317830502
2025-01-19 10:00,3.1665446470961363
2025-01-19 11:00,2.1555300090302505
2025-01-19 12:00,1.421741009345296
2025-01-19 13:00,2.3679250540310384
2025-01-19 14:00,1.361884950576949
2025-01-19 15:00,0.8985434257152789
2025-01-19 16:00,1.4893313458491655
2025-01-19 17:00,1.1521774183803
2025-01-19 18:00,2.0770708430868976
2025-01-19 19:00,3.8328499823212714
2025-01-19 20:00,6.490074404873671
2025-01-19 21:00,8.733327001925913
2025-01-19 22:00,11.16996369994462
2025-01-19 23:00,13.271703341461123
2025-01-20 00:00,15.24398878359168
2025-01-20 01:00,13.731851059605177
2025-01-20 02:00,9.553859790592902
2025-01-20 03:00,9.738920844467225
2025-01-20 04:00,13.328438556638217
2025-01-20 05:00,15.00850919401261
2025-01-20 06:00,11.398252490259427
2025-01-20 07:00,10.342658098847261
2025-01-20 08:00,4.878053408486713
2025-01-20 09:00,3.779326758194491
2025-01-20 10:00,1.5300287167973046
2025-01-20 11:00,4.130525684734313
2025-01-20 12:00,4.00429842767904
2025-01-20 13:00,1.9108350266480125
2025-01-20 14:00,1.938397927704315
2025-01-20 15:00,2.3062742364629174
2025-01-20 16:00,2.927012858777132
2025-01-20 17:00,4.3857018295163
2025-01-20 18:00,5.028815779058892
2025-01-20 19:00,8.320764993205787
2025-01-20 20:00,5.348835834801316
2025-01-20 21:00,8.013890974589742
2025-01-20 22:00,9.126083137934307
2025-01-20 23:00,5.985448787041677
2025-01-21 00:00,11.153338387639732
2025-01-21 01:00,10.030882683775854
2025-01-21 02:00,11.981293085605248
2025-01-21 03:00,14.779839339331533
2025-01-21 04:00,11.3815354992311
2025-01-21 05:00,6.513143069548467
2025-01-21 06:00,5.65389054398644
2025-01-21 07:00,3.335110026220027
2025-01-21 08:00,1.9767867320163668
2025-01-21 09:00,1.330603312451442
2025-01-21 10:00,2.000887301255514
2025-01-21 11:00,2.7250533871767053
2025-01-21 12:00,2.2395010629128635
2025-01-21 13:00,4.567934906488053
2025-01-21 14:00,3.150324675104366
2025-01-21 15:00,1.357099796153949
2025-01-21 16:00,0.0483527516466816
2025-01-21 17:00,0.5544745051607469
2025-01-21 18:00,0.9057070867667053
2025-01-21 19:00,2.9140570443549554
2025-01-21 20:00,6.699847635093321
2025-01-21 21:00,7.907610644726803
2025-01-21 22:00,7.772327554304085
2025-01-21 23:00,9.413068583826618
2025-01-22 00:00,9.308615964572004
2025-01-22 01:00,8.442855259037724
2025-01-22 02:00,9.063439119531203
2025-01-22 03:00,9.53579772815036
2025-01-22 04:00,10.752599095350876
2025-01-22 05:00,11.670328337023586
2025-01-22 06:00,10.673547181342526
2025-01-22 07:00,8.527334321404618
2025-01-22 08:00,6.272143124869458
2025-01-22 09:00,4.691907882626963
2025-01-22 10:00,1.5877604503890757
2025-01-22 11:00,8.237259891014244
2025-01-22 12:00,1.285147567055711
2025-01-22 13:00,2.720164270956993
2025-01-22 14:00,1.8954060882060304
2025-01-22 15:00,1.683981654750446
2025-01-22 16:00,1.0031657045173272
2025-01-22 17:00,2.538607554881534
2025-01-22 18:00,2.4051254244222764
2025-01-22 19:00,4.213530349617291
2025-01-22 20:00,6.186616453561472
2025-01-22 21:00,6.051866822021817
2025-01-22 22:00,6.312808414788553
2025-01-22 23:00,8.157829758438552
2025-01-23 00:00,9.234035417589205
2025-01-23 01:00,14.577424056576529
2025-01-23 02:00,13.131758610746274
2025-01-23 03:00,10.459524070740983
2025-01-23 04:00,9.431047449341516
2025-01-23 05:00,5.845792070390159
2025-01-23 06:00,6.7957349987341935
2025-01-23 07:00,6.125155438892273
2025-01-23 08:00,4.603719557388314
2025-01-23 09:00,3.71216290091315
2025-01-23 10:00,3.6846600469818065
2025-01-23 11:00,2.8831521853249398
2025-01-23 12:00,1.2519523260848735
2025-01-23 13:00,1.5066128819626337
2025-01-23 14:00,1.4543412996982985
2025-01-23 15:00,1.5385417610433239
2025-01-23 16:00,2.5167038706014915
2025-01-23 17:00,7.79772987157848
2025-01-23 18:00,6.983565118145269
2025-01-23 19:00,11.370676483687285
2025-01-23 20:00,14.293421888716669
2025-01-23 21:00,14.68682464544712
2025-01-23 22:00,17.323481933425875
2025-01-23 23:00,16.82110909551289
2025-01-24 00:00,15.801973081201695
2025-01-24 01:00,13.92803141387455
2025-01-24 02:00,15.95830953612229
2025-01-24 03:00,16.197352887588192
2025-01-24 04:00,14.211157113778107
2025-01-24 05:00,16.17961744345139
2025-01-24 06:00,17.41591562577815
2025-01-24 07:00,17.535000471912703
2025-01-24 08:00,11.508493360538408
2025-01-24 09:00,5.887380787872237
2025-01-24 10:00,5.801746825037348
2025-01-24 11:00,4.031236539405721
2025-01-24 12:00,3.8481379431108285
2025-01-24 13:00,8.77924386197559
2025-01-24 14:00,10.05207518576244
2025-01-24 15:00,9.581286776548895
2025-01-24 16:00,11.125101380422667
2025-01-24 17:00,11.261089846417358
2025-01-24 18:00,11.537909631446116
2025-01-24 19:00,17.436664472718736
2025-01-24 20:00,13.895333272046576
2025-01-24 21:00,12.069611949950824
2025-01-24 22:00,15.510601215411315
2025-01-24 23:00,13.973108610075363
2025-01-25 00:00,16.105512174440786
2025-01-25 01:00,21.551060902551686
2025-01-25 02:00,20.756697407247902
2025-01-25 03:00,20.581348065901736
2025-01-25 04:00,19.034468994588572
2025-01-25 05:00,18.34498899479899
2025-01-25 06:00,20.307465503464556
2025-01-25 07:00,19.321273370326185
2025-01-25 08:00,20.602712826586817
2025-01-25 09:00,17.454920492101348
2025-01-25 10:00,14.920717978400312
2025-01-25 11:00,11.581627341835965
2025-01-25 12:00,6.44862308625599
2025-01-25 13:00,7.397493426804982
2025-01-25 14:00,5.283627516675199
2025-01-25 15:00,3.787547530422447
2025-01-25 16:00,5.42063377538704
2025-01-25 17:00,6.533670507630053
2025-01-25 18:00,10.050291106742133
2025-01-25 19:00,10.059989215732951
2025-01-25 20:00,11.86440949306007
2025-01-25 21:00,9.874156946037665
2025-01-25 22:00,11.317332804686197
2025-01-25 23:00,15.336206754587439
2025-01-26 00:00,17.30335612128695
2025-01-26 01:00,14.528670932956842
2025-01-26 02:00,18.089585511401935
2025-01-26 03:00,17.155190699672787
2025-01-26 04:00,18.41384477098715
2025-01-26 05:00,19.20914904694334
2025-01-26 06:00,19.180398799348335
2025-01-26 07:00,14.77232364170322
2025-01-26 08:00,9.634890951761804
2025-01-26 09:00,5.234981644321847
2025-01-26 10:00,4.120132536841187
2025-01-26 11:00,1.496600643589613
2025-01-26 12:00,1.632563518317525
2025-01-26 13:00,0.0
2025-01-26 14:00,0.0
2025-01-26 15:00,0.24874015599905225
2025-01-26 16:00,0.3895878191644023
2025-01-26 17:00,0.43257895737239704
2025-01-26 18:00,0.0
2025-01-26 19:00,1.3301625689512058
2025-01-26 20:00,0.4139481173467363
2025-01-26 21:00,0.9208586089855898
2025-01-26 22:00,1.703563906772059
2025-01-26 23:00,5.393797120031357
2025-01-27 00:00,4.697989807568768
2025-01-27 01:00,4.854393438268119
2025-01-27 02:00,9.329501951244557
2025-01-27 03:00,12.832045837740251
2025-01-27 04:00,13.903143883862585
2025-01-27 05:00,15.580049823834626
2025-01-27 06:00,23.115590190517292
2025-01-27 07:00,29.932103150373
2025-01-27 08:00,35.69865587231779
2025-01-27 09:00,40.71842184224877
2025-01-27 10:00,39.85869217120039
2025-01-27 11:00,33.64561576644209
2025-01-27 12:00,31.251094802607124
2025-01-27 13:00,37.77003568526656
2025-01-27 14:00,36.83930479163787
2025-01-27 15:00,32.367260559873685
2025-01-27 16:00,33.15092740839921
2025-01-27 17:00,39.559528852544815
2025-01-27 18:00,42.800485583414826
2025-01-27 19:00,40.97513946000862
2025-01-27 20:00,36.49180185799965
2025-01-27 21:00,41.95049800981819
2025-01-27 22:00,44.81723097529006
2025-01-27 23:00,45.1749963043445
2025-01-28 00:00,42.51097280704432
2025-01-28 01:00,42.98504695243782
2025-01-28 02:00,49.37257271424438
2025-01-28 03:00,46.75251561906369
2025-01-28 04:00,44.743723256957615
2025-01-28 05:00,45.400754786465285
2025-01-28 06:00,43.46847444236208
2025-01-28 07:00,43.72320509094126
2025-01-28 08:00,47.309417049153694
2025-01-28 09:00,47.21159646049995
2025-01-28 10:00,44.47336045278789
2025-01-28 11:00,39.54070934125801
2025-01-28 12:00,44.92882408491036
2025-01-28 13:00,45.86558644790941
2025-01-28 14:00,43.95007961688084
2025-01-28 15:00,41.35274988978611
2025-01-28 16:00,42.73323060247732
2025-01-28 17:00,45.630588511590005
2025-01-28 18:00,50.59712825885549
2025-01-28 19:00,52.78676877176163
2025-01-28 20:00,57.44791137488811
2025-01-28 21:00,44.82920861278811
2025-01-28 22:00,40.06322398721406
2025-01-28 23:00,40.166682040413434
2025-01-29 00:00,32.53782457602967
2025-01-29 01:00,38.33136570542806
2025-01-29 02:00,34.720968273351396
2025-01-29 03:00,35.40349966545359
2025-01-29 04:00,34.99519503388665
2025-01-29 05:00,35.91672780049065
2025-01-29 06:00,35.030780545701404
2025-01-29 07:00,33.11393529084101
2025-01-29 08:00,31.885497377842423
2025-01-29 09:00,35.633791693638244
2025-01-29 10:00,38.648330443090714
2025-01-29 11:00,47.31427206252282
2025-01-29 12:00,43.075700053131754
2025-01-29 13:00,42.143895504832514
2025-01-29 14:00,44.14561294562121
2025-01-29 15:00,43.886207639001896
2025-01-29 16:00,46.99336680412203
2025-01-29 17:00,47.315277787795694
2025-01-29 18:00,42.79657924255061
2025-01-29 19:00,46.62389024081148
2025-01-29 20:00,37.827317102728145
2025-01-29 21:00,34.98675137459797
2025-01-29 22:00,29.274371815433746
2025-01-29 23:00,28.534101305686946
2025-01-30 00:00,19.328779042727053
2025-01-30 01:00,19.038389989605857
2025-01-30 02:00,18.12395371837984
2025-01-30 03:00,14.130874477960848
2025-01-30 04:00,10.228522264349099
2025-01-30 05:00,9.768003978626963
2025-01-30 06:00,10.341589727887627
2025-01-30 07:00,11.087166810763103
2025-01-30 08:00,9.458689218432328
2025-01-30 09:00,9.056329695285225
2025-01-30 10:00,8.887167185289895
2025-01-30 11:00,7.189340608616052
2025-01-30 12:00,6.5937601199464995
2025-01-30 13:00,7.798682076035996
2025-01-30 14:00,7.6766871101890795
2025-01-30 15:00,6.929748100884528
2025-01-30 16:00,6.71313484267433
2025-01-30 17:00,7.892262243653103
2025-01-30 18:00,7.863139251649176
2025-01-30 19:00,10.833303683158402
2025-01-30 20:00,10.993291278218663
2025-01-30 21:00,11.806097503800881
2025-01-30 22:00,16.42757134682468
2025-01-30 23:00,15.307900198525406
2025-01-31 00:00,13.211915984439479
2025-01-31 01:00,13.073403700807193
2025-01-31 02:00,13.965848771834331
2025-01-31 03:00,14.863208111517462
2025-01-31 04:00,14.464347410669717
2025-01-31 05:00,14.187885846301016
2025-01-31 06:00,12.504772306281176
2025-01-31 07:00,10.041898225291375
2025-01-31 08:00,6.584778286602767
2025-01-31 09:00,5.2790190412484685
2025-01-31 10:00,4.67314380630564
2025-01-31 11:00,4.838808269570113
2025-01-31 12:00,4.2961947889219365
2025-01-31 13:00,6.750080641183149
2025-01-31 14:00,5.07241995583023
2025-01-31 15:00,2.1717705305805564
2025-01-31 16:00,3.412194974861922
2025-01-31 17:00,2.422539904774282
2025-01-31 18:00,2.4631215222564244
2025-01-31 19:00,3.207283376138126
2025-01-31 20:00,7.3506712005494865
2025-01-31 21:00,9.357771309463333
2025-01-31 22:00,10.281717249645439
2025-01-31 23:00,10.57100332497664
2025-02-01 00:00,8.57650749814481
2025-02-01 01:00,7.2934517288473
2025-02-01 02:00,5.198308288429271
2025-02-01 03:00,5.756867780116919
2025-02-01 04:00,5.432275984925564
2025-02-01 05:00,6.819776342987115
2025-02-01 06:00,7.844764221205172
2025-02-01 07:00,3.3230895571022505
2025-02-01 08:00,4.388449276635366
2025-02-01 09:00,4.554279135344122
2025-02-01 10:00,3.026470105084736
2025-02-01 11:00,3.232771724813412
2025-02-01 12:00,2.9908034408602338
2025-02-01 13:00,5.959657349114791
2025-02-01 14:00,6.823929238675625
2025-02-01 15:00,5.122378752302671
2025-02-01 16:00,7.076123384902806
2025-02-01 17:00,8.161432175030425
2025-02-01 18:00,5.249312693524434
2025-02-01 19:00,8.55041306123914
2025-02-01 20:00,9.141152490027313
2025-02-01 21:00,8.354679878247362
2025-02-01 22:00,10.8216393787678
2025-02-01 23:00,14.386915157336839
2025-02-02 00:00,17.245527572941477
2025-02-02 01:00,21.193940563424718
2025-02-02 02:00,16.735127723390605
2025-02-02 03:00,16.442635684839683
2025-02-02 04:00,13.259633682466102
2025-02-02 05:00,10.924758162578682
2025-02-02 06:00,10.156920311085392
2025-02-02 07:00,8.900700161459891
2025-02-02 08:00,6.792989589257055
2025-02-02 09:00,4.444217314750238
2025-02-02 10:00,5.024735048465325
2025-02-02 11:00,6.7193645519891705
2025-02-02 12:00,1.8845558396999638
2025-02-02 13:00,2.683913154942109
2025-02-02 14:00,1.1085434668870504
2025-02-02 15:00,3.401897674959925
2025-02-02 16:00,6.999249553033494
2025-02-02 17:00,8.578463950888619
2025-02-02 18:00,16.9081517427388
2025-02-02 19:00,17.9928969794288
2025-02-02 20:00,15.553530788121154
2025-02-02 21:00,14.943919166674815
2025-02-02 22:00,19.965842077475045
2025-02-02 23:00,22.671736279612983
2025-02-03 00:00,24.199275078735408
2025-02-03 01:00,24.68662941997282
2025-02-03 02:00,34.80106140456376
2025-02-03 03:00,38.32078606065931
2025-02-03 04:00,45.03278938344362
2025-02-03 05:00,52.37544830272677
2025-02-03 06:00,53.46263226779766
2025-02-03 07:00,51.35875018922505
2025-02-03 08:00,50.47188790850572
2025-02-03 09:00,51.58741705063167
2025-02-03 10:00,49.96466959995409
2025-02-03 11:00,49.63442067882697
2025-02-03 12:00,48.93224602916166
2025-02-03 13:00,49.899817707617785
2025-02-03 14:00,50.221768839840294
2025-02-03 15:00,49.784677453653686
2025-02-03 16:00,53.88307038004133
2025-02-03 17:00,50.18704748084575
2025-02-03 18:00,53.40567186955259
2025-02-03 19:00,53.94544565975648
2025-02-03 20:00,57.93843457442307
2025-02-03 21:00,54.22179376870174
2025-02-03 22:00,55.51599522127792
2025-02-03 23:00,56.47640926987754
2025-02-04 00:00,53.440215212123746
2025-02-04 01:00,54.313145971682914
2025-02-04 02:00,54.64334957985889
2025-02-04 03:00,51.95512764169779
2025-02-04 04:00,51.72654705617081
2025-02-04 05:00,53.032054088341795
2025-02-04 06:00,53.07892972577734
2025-02-04 07:00,51.542373831942264
2025-02-04 08:00,48.7463267181766
2025-02-04 09:00,48.94193861546304
2025-02-04 10:00,45.248929809516184
2025-02-04 11:00,46.52263535292026
2025-02-04 12:00,46.489978022225536
2025-02-04 13:00,48.44844918368205
2025-02-04 14:00,46.26317909828169
2025-02-04 15:00,43.198087089833514
2025-02-04 16:00,42.90147561500467
2025-02-04 17:00,40.029174691212525
2025-02-04 18:00,38.500136868392694
2025-02-04 19:00,44.08937921775452
2025-02-04 20:00,45.761811250329465
2025-02-04 21:00,48.2321308327181
2025-02-04 22:00,45.88186400217128
2025-02-04 23:00,45.13901008128029
2025-02-05 00:00,42.28331009646204
2025-02-05 01:00,40.69273325771171
2025-02-05 02:00,43.44302420759093
2025-02-05 03:00,28.809121939712945
2025-02-05 04:00,27.75639622407572
2025-02-05 05:00,31.03800166104079
2025-02-05 06:00,25.660497589014636
2025-02-05 07:00,25.41809074256136
2025-02-05 08:00,14.818962973475397
2025-02-05 09:00,11.108839309082002
2025-02-05 10:00,11.11321700771059
2025-02-05 11:00,10.785607806847073
2025-02-05 12:00,14.178532172665545
2025-02-05 13:00,17.508757923532077
2025-02-05 14:00,20.56532323333762
2025-02-05 15:00,22.95434611318399
2025-02-05 16:00,34.8482355698948
2025-02-05 17:00,39.48210554807173
2025-02-05 18:00,38.51335344316328
2025-02-05 19:00,41.69434217572113
2025-02-05 20:00,45.38222646352346
2025-02-05 21:00,46.475199144845874
2025-02-05 22:00,45.810878128693766
2025-02-05 23:00,45.34236705732723
2025-02-06 00:00,40.29033723440776
2025-02-06 01:00,35.73180500738857
2025-02-06 02:00,30.270456986926256
2025-02-06 03:00,24.198403588639415
2025-02-06 04:00,26.068711673408192
2025-02-06 05:00,15.816866032596261
2025-02-06 06:00,15.446282806693086
2025-02-06 07:00,12.623656852338469
2025-02-06 08:00,8.856720454292844
2025-02-06 09:00,8.967710559370845
2025-02-06 10:00,9.368971349315892
2025-02-06 11:00,11.190185029796396
2025-02-06 12:00,12.929703445781966
2025-02-06 13:00,12.296955696495798
2025-02-06 14:00,15.014691041108781
2025-02-06 15:00,15.892441751389477
2025-02-06 16:00,15.559931682230443
2025-02-06 17:00,18.86177510272337
2025-02-06 18:00,22.509186027266956
2025-02-06 19:00,30.441879494396098
2025-02-06 20:00,36.27091704409108
2025-02-06 21:00,41.501990262982446
2025-02-06 22:00,45.8431333573366
2025-02-06 23:00,36.91856379283172
2025-02-07 00:00,25.19928322342484
2025-02-07 01:00,16.854419111655158
2025-02-07 02:00,13.479735544473257
2025-02-07 03:00,7.947196164438658
2025-02-07 04:00,11.38252039300033
2025-02-07 05:00,11.99841422470428
2025-02-07 06:00,19.453644298755282
2025-02-07 07:00,23.863750298368338
2025-02-07 08:00,27.904094859558967
2025-02-07 09:00,40.70514752107711
2025-02-07 10:00,43.20741737845032
2025-02-07 11:00,46.678867134782976
2025-02-07 12:00,51.93954073854575
2025-02-07 13:00,48.87471807026687
2025-02-07 14:00,52.68257483327627
2025-02-07 15:00,51.765389556420004
2025-02-07 16:00,52.414314688739886
2025-02-07 17:00,53.710726379403596
2025-02-07 18:00,55.04994175223268
2025-02-07 19:00,51.377516655484804
2025-02-07 20:00,53.51827704899746
2025-02-07 21:00,57.44187767188008
2025-02-07 22:00,53.45801044888218
2025-02-07 23:00,53.66160311881365
2025-02-08 00:00,46.25779143703154
2025-02-08 01:00,43.74395223226943
2025-02-08 02:00,38.27794398891463
2025-02-08 03:00,28.85301641394973
2025-02-08 04:00,30.399512670387036
2025-02-08 05:00,28.58837326145537
2025-02-08 06:00,26.04299100940574
2025-02-08 07:00,30.76765161001313
2025-02-08 08:00,31.35966811380524
2025-02-08 09:00,26.16012415012475
2025-02-08 10:00,28.644032007903277
2025-02-08 11:00,30.890668312722532
2025-02-08 12:00,30.01276084743032
2025-02-08 13:00,30.631836234741204
2025-02-08 14:00,33.302345922882864
2025-02-08 15:00,32.89929586085114
2025-02-08 16:00,32.373593604230784
2025-02-08 17:00,32.28928570905767
2025-02-08 18:00,25.7072851514221
2025-02-08 19:00,22.324434793321707
2025-02-08 20:00,15.848491807215666
2025-02-08 21:00,12.446221264406432
2025-02-08 22:00,10.24546626616558
2025-02-08 23:00,8.022061040584056
2025-02-09 00:00,8.37841915869686
2025-02-09 01:00,7.174016462734672
2025-02-09 02:00,7.107920312508454
2025-02-09 03:00,5.16390807281397
2025-02-09 04:00,5.947068895087097
2025-02-09 05:00,6.486632094939483
2025-02-09 06:00,7.763140349207508
2025-02-09 07:00,9.558164914324356
2025-02-09 08:00,6.120484662760454
2025-02-09 09:00,3.3287363333097786
2025-02-09 10:00,2.0913300640534853
2025-02-09 11:00,0.77839822903659
2025-02-09 12:00,6.101907812029327
2025-02-09 13:00,6.027152491020359
2025-02-09 14:00,5.7901097006569415
2025-02-09 15:00,8.800096121371693
2025-02-09 16:00,12.320681025646804
2025-02-09 17:00,17.518303369878286
2025-02-09 18:00,17.777992416288708
2025-02-09 19:00,16.70229116792054
2025-02-09 20:00,19.737897679811173
2025-02-09 21:00,21.823664688266526
2025-02-09 22:00,16.108346065084657
2025-02-09 23:00,16.028286496223537
2025-02-10 00:00,20.584614589750842
2025-02-10 01:00,12.601773802464495
2025-02-10 02:00,15.187340193118722
2025-02-10 03:00,17.167449713381895
2025-02-10 04:00,17.507699994271842
2025-02-10 05:00,13.586127327064677
2025-02-10 06:00,10.260501297556361
2025-02-10 07:00,10.321259582568397
2025-02-10 08:00,7.303351571955124
2025-02-10 09:00,5.17379731860657
2025-02-10 10:00,5.576956687915274
2025-02-10 11:00,4.944742464267811
2025-02-10 12:00,3.786995508233576
2025-02-10 13:00,3.038512120932579
2025-02-10 14:00,8.34596201999949
2025-02-10 15:00,7.862712667407467
2025-02-10 16:00,14.969660792320669
2025-02-10 17:00,13.800157529642634
2025-02-10 18:00,14.879550695010344
2025-02-10 19:00,11.993235793178405
2025-02-10 20:00,12.088602610750927
2025-02-10 21:00,8.921576332235354
2025-02-10 22:00,11.364288018156286
2025-02-10 23:00,9.264861598063188
2025-02-11 00:00,12.578607754080021
2025-02-11 01:00,11.797207190145746
2025-02-11 02:00,12.654742620352437
2025-02-11 03:00,13.4038279600455
2025-02-11 04:00,11.932885791985226
2025-02-11 05:00,11.010730264056777
2025-02-11 06:00,9.950553212914404
2025-02-11 07:00,7.00602557387714
2025-02-11 08:00,4.528300559853108
2025-02-11 09:00,1.2384657631209957
2025-02-11 10:00,0.9983128633959713
2025-02-11 11:00,0.44213916939709363
2025-02-11 12:00,0.0
2025-02-11 13:00,0.11892439273096214
2025-02-11 14:00,0.08116839166211741
2025-02-11 15:00,0.0
2025-02-11 16:00,0.0
2025-02-11 17:00,0.4846770206484925
2025-02-11 18:00,2.8385950580796417
2025-02-11 19:00,5.777957148346771
2025-02-11 20:00,6.500204299464404
2025-02-11 21:00,8.698685136770607
2025-02-11 22:00,11.024639408722052
2025-02-11 23:00,8.667768659039217
2025-02-12 00:00,9.958670857638582
2025-02-12 01:00,9.742156090627951
2025-02-12 02:00,8.95721187378117
2025-02-12 03:00,7.995956470046769
2025-02-12 04:00,13.588619441263074
2025-02-12 05:00,12.71543543689767
2025-02-12 06:00,11.444740173204366
2025-02-12 07:00,8.911289826094484
2025-02-12 08:00,7.837911567334223
2025-02-12 09:00,5.7726678468382735
2025-02-12 10:00,4.437742511653908
2025-02-12 11:00,6.3889602340498595
2025-02-12 12:00,9.491011534895868
2025-02-12 13:00,15.956913310843982
2025-02-12 14:00,25.383702567917666
2025-02-12 15:00,29.453498094803766
2025-02-12 16:00,36.39098929884301
2025-02-12 17:00,46.98784298541622
2025-02-12 18:00,45.812796258378285
2025-02-12 19:00,48.10139695225122
2025-02-12 20:00,53.83576255512854
2025-02-12 21:00,58.5963139636187
2025-02-12 22:00,61.61040858659808
2025-02-12 23:00,58.924391949111055
2025-02-13 00:00,54.07548120027213
2025-02-13 01:00,54.876979816339635
2025-02-13 02:00,51.266781285344685
2025-02-13 03:00,42.78417230746225
2025-02-13 04:00,27.58611436758847
2025-02-13 05:00,16.02553815561501
2025-02-13 06:00,13.778704038152688
2025-02-13 07:00,8.405031705949133
2025-02-13 08:00,4.260302580064685
2025-02-13 09:00,2.748619547102742
2025-02-13 10:00,1.6405995901663653
2025-02-13 11:00,2.3530001381010206
2025-02-13 12:00,0.7034286298840229
2025-02-13 13:00,3.159609339466346
2025-02-13 14:00,6.280400625651381
2025-02-13 15:00,10.879494913474481
2025-02-13 16:00,12.31065658806911
2025-02-13 17:00,9.808429196354137
2025-02-13 18:00,13.84504919227549
2025-02-13 19:00,21.689570627914293
2025-02-13 20:00,21.8552118284154
2025-02-13 21:00,20.124951411883906
2025-02-13 22:00,20.1843368013865
2025-02-13 23:00,20.14526951369907
2025-02-14 00:00,18.10819682234002
2025-02-14 01:00,20.471416731513504
2025-02-14 02:00,14.797027912981063
2025-02-14 03:00,17.19826691810303
2025-02-14 04:00,17.63263298078079
2025-02-14 05:00,16.592766796680596
2025-02-14 06:00,12.987074406051704
2025-02-14 07:00,10.625717684725595
2025-02-14 08:00,7.708015240960587
2025-02-14 09:00,3.604460824602618
2025-02-14 10:00,1.4054442198336903
2025-02-14 11:00,2.4761344515176575
2025-02-14 12:00,0.0
2025-02-14 13:00,0.0
2025-02-14 14:00,0.031057241607120107
2025-02-14 15:00,0.00010800771369331999
2025-02-14 16:00,0.09574891459647154
2025-02-14 17:00,0.9862991408807983
2025-02-14 18:00,3.4043931354160377
2025-02-14 19:00,4.5991348315733545
2025-02-14 20:00,3.7744879261708326
2025-02-14 21:00,11.050783278897752
2025-02-14 22:00,11.488175444069643
2025-02-14 23:00,11.274842233251482
2025-02-15 00:00,13.249025965732127
2025-02-15 01:00,11.14501374445663
2025-02-15 02:00,9.425351030938065
2025-02-15 03:00,5.398935077750136
2025-02-15 04:00,9.001561046232686
2025-02-15 05:00,8.948183088274199
2025-02-15 06:00,7.5805224971263545
2025-02-15 07:00,6.6779230969475485
2025-02-15 08:00,5.632658645759546
2025-02-15 09:00,4.168666610645702
2025-02-15 10:00,5.484257097690272
2025-02-15 11:00,4.497590637585957
2025-02-15 12:00,5.529313761315646
2025-02-15 13:00,5.65498495512104
2025-02-15 14:00,2.141097424778963
2025-02-15 15:00,1.563134704752042
2025-02-15 16:00,1.6174112485957985
2025-02-15 17:00,1.7060580724575374
2025-02-15 18:00,2.9552505166296874
2025-02-15 19:00,3.6076862845878517
2025-02-15 20:00,4.963436618515648
2025-02-15 21:00,4.631322899073477
2025-02-15 22:00,8.332823783577492
2025-02-15 23:00,7.841482685306672
2025-02-16 00:00,8.198597854353748
2025-02-16 01:00,6.318716502754025
2025-02-16 02:00,6.751273310677966
2025-02-16 03:00,5.71169843994768
2025-02-16 04:00,3.4588144666404985
2025-02-16 05:00,6.128703350340228
2025-02-16 06:00,6.336949853824144
2025-02-16 07:00,8.68850325718761
2025-02-16 08:00,7.3770693189671475
2025-02-16 09:00,5.59296188132006
2025-02-16 10:00,5.771603914499192
2025-02-16 11:00,6.955315404915755
2025-02-16 12:00,6.613581841931745
2025-02-16 13:00,3.3339266796194686
2025-02-16 14:00,3.8695109663285083
2025-02-16 15:00,2.8157460791303177
2025-02-16 16:00,9.758182794518033
2025-02-16 17:00,12.398184108674553
2025-02-16 18:00,18.158806577889262
2025-02-16 19:00,25.91039864900904
2025-02-16 20:00,31.893041556080178
2025-02-16 21:00,40.1774699238338
2025-02-16 22:00,42.88963423860477
2025-02-16 23:00,49.10608596973445
2025-02-17 00:00,54.273924808535675
2025-02-17 01:00,49.97146819691752
2025-02-17 02:00,48.34976795898998
2025-02-17 03:00,48.19367003138537
2025-02-17 04:00,45.961010444739536
2025-02-17 05:00,45.27417953565757
2025-02-17 06:00,40.30964188145535
2025-02-17 07:00,45.255703588741696
2025-02-17 08:00,43.193428452788055
2025-02-17 09:00,35.00636734255558
2025-02-17 10:00,36.78856497791482
2025-02-17 11:00,40.8588097430312
2025-02-17 12:00,45.042686112653996
2025-02-17 13:00,41.48217401981617
2025-02-17 14:00,39.66003563496463
2025-02-17 15:00,39.140218388458436
2025-02-17 16:00,43.32010060715528
2025-02-17 17:00,40.63550197070798
2025-02-17 18:00,39.271050342841704
2025-02-17 19:00,43.83348173852194
2025-02-17 20:00,43.65119033592502
2025-02-17 21:00,44.42901517088899
2025-02-17 22:00,43.368594544512646
2025-02-17 23:00,36.65511002932105
2025-02-18 00:00,38.74078604127191
2025-02-18 01:00,36.09141597799162
2025-02-18 02:00,39.26693682913881
2025-02-18 03:00,45.72448312530178
2025-02-18 04:00,43.84417243563757
2025-02-18 05:00,40.85173952215864
2025-02-18 06:00,39.00286381292949
2025-02-18 07:00,43.549466914646004
2025-02-18 08:00,40.95145197508151
2025-02-18 09:00,40.08038100370699
2025-02-18 10:00,39.062098949454764
2025-02-18 11:00,36.15996348870834
2025-02-18 12:00,36.98562565076389
2025-02-18 13:00,42.11244731139914
2025-02-18 14:00,40.63785310880364
2025-02-18 15:00,45.106280875042756
2025-02-18 16:00,44.681231859445234
2025-02-18 17:00,40.37364244900952
2025-02-18 18:00,39.39326824825599
2025-02-18 19:00,42.8698850217158
2025-02-18 20:00,49.05961370374489
2025-02-18 21:00,51.57691950542058
2025-02-18 22:00,50.21355376952961
2025-02-18 23:00,45.72470547401113
2025-02-19 00:00,45.11683235872774
2025-02-19 01:00,40.500715699257334
2025-02-19 02:00,35.58586111014727
2025-02-19 03:00,29.016518086859836
2025-02-19 04:00,25.112527426869722
2025-02-19 05:00,32.038774684269455
2025-02-19 06:00,33.617061119342864
2025-02-19 07:00,39.44056919288798
2025-02-19 08:00,42.12770118786105
2025-02-19 09:00,36.86228243741304
2025-02-19 10:00,40.145732870479705
2025-02-19 11:00,38.87828549306212
2025-02-19 12:00,41.97231274187894
2025-02-19 13:00,40.91759212656929
2025-02-19 14:00,39.39874780618868
2025-02-19 15:00,38.15757024254239
2025-02-19 16:00,43.1647867020549
2025-02-19 17:00,38.76581936775543
2025-02-19 18:00,36.68005652643102
2025-02-19 19:00,38.26767530103672
2025-02-19 20:00,38.05696082230948
2025-02-19 21:00,34.20996271214996
2025-02-19 22:00,29.794791423348524
2025-02-19 23:00,27.93976906463057
2025-02-20 00:00,26.56352548838049
2025-02-20 01:00,25.425913883180208
2025-02-20 02:00,22.675473843910435
2025-02-20 03:00,20.975132417629982
2025-02-20 04:00,19.112689502981702
2025-02-20 05:00,18.600690005668802
2025-02-20 06:00,13.190330663540498
2025-02-20 07:00,10.820666702003397
2025-02-20 08:00,7.695193839815544
2025-02-20 09:00,8.898709811892896
2025-02-20 10:00,19.355752681722773
2025-02-20 11:00,24.40779608400106
2025-02-20 12:00,20.706428807043476
2025-02-20 13:00,22.436446659488503
2025-02-20 14:00,30.7117475451357
2025-02-20 15:00,34.61980561269908
2025-02-20 16:00,35.32040242445815
2025-02-20 17:00,32.92287625898007
2025-02-20 18:00,34.29881898918546
2025-02-20 19:00,39.77392363202294
2025-02-20 20:00,46.2762452287854
2025-02-20 21:00,47.86715046395412
2025-02-20 22:00,45.60464287887119
2025-02-20 23:00,44.69627825056955
2025-02-21 00:00,44.50198202707029
2025-02-21 01:00,35.28274813327244
2025-02-21 02:00,29.46260006696729
2025-02-21 03:00,28.074111012209816
2025-02-21 04:00,28.968499245432383
2025-02-21 05:00,22.49065589538156
2025-02-21 06:00,18.827272694423268
2025-02-21 07:00,14.606112365180968
2025-02-21 08:00,10.727933369574881
2025-02-21 09:00,17.190135997007523
2025-02-21 10:00,25.579238319672232
2025-02-21 11:00,24.760636477675856
2025-02-21 12:00,22.3543323534844
2025-02-21 13:00,23.706106551443323
2025-02-21 14:00,24.395745600437476
2025-02-21 15:00,26.059067780148883
2025-02-21 16:00,29.19524505720531
2025-02-21 17:00,29.27163686876401
2025-02-21 18:00,30.392547896405684
2025-02-21 19:00,31.74945129019772
2025-02-21 20:00,34.78010464858667
2025-02-21 21:00,31.216574066835953
2025-02-21 22:00,25.201503141380613
2025-02-21 23:00,22.34607436322594
2025-02-22 00:00,29.996925073183025
2025-02-22 01:00,26.228722467478715
2025-02-22 02:00,31.441727254315058
2025-02-22 03:00,36.841566421036994
2025-02-22 04:00,42.10429321104677
2025-02-22 05:00,48.07001812034589
2025-02-22 06:00,48.323497542384246
2025-02-22 07:00,44.191401229458535
2025-02-22 08:00,37.00531408305018
2025-02-22 09:00,31.18481900757798
2025-02-22 10:00,27.212179945515082
2025-02-22 11:00,24.71382368995362
2025-02-22 12:00,23.440594670200287
2025-02-22 13:00,23.569748926660875
2025-02-22 14:00,26.127245876531898
2025-02-22 15:00,29.432419626664274
2025-02-22 16:00,28.703052485162747
2025-02-22 17:00,30.32176503996504
2025-02-22 18:00,29.63513839361528
2025-02-22 19:00,32.65024763003373
2025-02-22 20:00,35.45997817456416
2025-02-22 21:00,28.074660293472885
2025-02-22 22:00,28.85924518895547
2025-02-22 23:00,29.211106903553507
2025-02-23 00:00,33.83852905416533
2025-02-23 01:00,34.12564066735256
2025-02-23 02:00,27.281240955697395
2025-02-23 03:00,24.48357735745555
2025-02-23 04:00,18.399684778520285
2025-02-23 05:00,16.403648510930783
2025-02-23 06:00,13.909183234367172
2025-02-23 07:00,18.793746212511998
2025-02-23 08:00,30.263077620428497
2025-02-23 09:00,33.35750598834896
2025-02-23 10:00,28.834241386543702
2025-02-23 11:00,31.629948250214664
2025-02-23 12:00,42.48623130951712
2025-02-23 13:00,45.52512640809448
2025-02-23 14:00,45.2565867749658
2025-02-23 15:00,46.139622676890795
2025-02-23 16:00,49.07893084708405
2025-02-23 17:00,50.134468383811495
2025-02-23 18:00,49.2188796884643
2025-02-23 19:00,44.47258816938799
2025-02-23 20:00,45.930257253011504
2025-02-23 21:00,49.360871015788064
2025-02-23 22:00,50.50297860782115
2025-02-23 23:00,48.541411981314354
2025-02-24 00:00,47.60314901619686
2025-02-24 01:00,48.148250320618466
2025-02-24 02:00,43.84060678911238
2025-02-24 03:00,37.45971337130298
2025-02-24 04:00,26.06704218948943
2025-02-24 05:00,18.05157381902042
2025-02-24 06:00,19.541434055890626
2025-02-24 07:00,8.92914348996696
2025-02-24 08:00,10.634574855553964
2025-02-24 09:00,7.413623787367538
2025-02-24 10:00,16.365346942302843
2025-02-24 11:00,19.02944777308365
2025-02-24 12:00,18.04164778840771
2025-02-24 13:00,17.520891359516952
2025-02-24 14:00,16.852649314618986
2025-02-24 15:00,16.41089728713994
2025-02-24 16:00,17.759373584153668
2025-02-24 17:00,20.077109126789438
2025-02-24 18:00,20.320504272344962
2025-02-24 19:00,20.10453616637239
2025-02-24 20:00,20.58702151028488
2025-02-24 21:00,15.417036183000597
2025-02-24 22:00,6.648144577873421
2025-02-24 23:00,7.5297483975471975
2025-02-25 00:00,7.364452540835465
2025-02-25 01:00,7.653588791497394
2025-02-25 02:00,8.90800816328789
2025-02-25 03:00,9.12958881357348
2025-02-25 04:00,17.49903334464855
2025-02-25 05:00,10.39069159836016
2025-02-25 06:00,10.013767918867753
2025-02-25 07:00,9.305900993822762
2025-02-25 08:00,6.839900929750312
2025-02-25 09:00,2.5659840156878952
2025-02-25 10:00,2.8738925141315526
2025-02-25 11:00,0.08935447165325054
2025-02-25 12:00,0.39945048382128046
2025-02-25 13:00,0.37443729819080873
2025-02-25 14:00,2.700740605555772
2025-02-25 15:00,4.111900962011183
2025-02-25 16:00,8.881211868380445
2025-02-25 17:00,9.386486198673266
2025-02-25 18:00,14.04212062764613
2025-02-25 19:00,19.742676776245084
2025-02-25 20:00,24.94454960183275
2025-02-25 21:00,25.045264099403006
2025-02-25 22:00,22.29162050020128
2025-02-25 23:00,23.482187702805042
2025-02-26 00:00,21.542148908044666
2025-02-26 01:00,21.06510250804973
2025-02-26 02:00,23.500711982636663
2025-02-26 03:00,18.612577725491885
2025-02-26 04:00,19.718103292623237
2025-02-26 05:00,27.782856999927123
2025-02-26 06:00,24.26397608985885
2025-02-26 07:00,25.244594480597865
2025-02-26 08:00,24.11201500434447
2025-02-26 09:00,18.574205017060915
2025-02-26 10:00,14.497130348749819
2025-02-26 11:00,14.680626607247646
2025-02-26 12:00,14.99476087572329
2025-02-26 13:00,9.48096755802148
2025-02-26 14:00,8.638598426927128
2025-02-26 15:00,8.625318003294653
2025-02-26 16:00,7.062532423768506
2025-02-26 17:00,3.74522715880961
2025-02-26 18:00,2.768121587274209
2025-02-26 19:00,4.781103370118691
2025-02-26 20:00,9.864506029453274
2025-02-26 21:00,8.638309157883489
2025-02-26 22:00,9.955248708328854
2025-02-26 23:00,11.172878543587064
2025-02-27 00:00,7.505029510395658
2025-02-27 01:00,6.2526445361136425
2025-02-27 02:00,4.761993674172463
2025-02-27 03:00,4.357540732402739
2025-02-27 04:00,5.182339673457171
2025-02-27 05:00,7.81589072911868
2025-02-27 06:00,6.474390958162197
2025-02-27 07:00,6.656608606367342
2025-02-27 08:00,6.139979749662892
2025-02-27 09:00,5.698482682719177
2025-02-27 10:00,5.611061815569854
2025-02-27 11:00,5.853512750869725
2025-02-27 12:00,4.059525837185521
2025-02-27 13:00,2.5216362744488054
2025-02-27 14:00,3.1917544581236093
2025-02-27 15:00,3.5841837694819687
2025-02-27 16:00,4.3749942137528395
2025-02-27 17:00,3.3606715100113624
2025-02-27 18:00,2.9889022412644226
2025-02-27 19:00,3.9679355203146724
2025-02-27 20:00,4.157333074906034
2025-02-27 21:00,6.714848836246039
2025-02-27 22:00,7.8190914384276775
2025-02-27 23:00,8.879450089093707
2025-02-28 00:00,9.417958810372275
2025-02-28 01:00,10.637682918378083
2025-02-28 02:00,10.29465241195034
2025-02-28 03:00,9.862199513319347
2025-02-28 04:00,10.147084270416562
2025-02-28 05:00,9.909186850321069
2025-02-28 06:00,6.398417945388487
2025-02-28 07:00,2.9709282459159447
2025-02-28 08:00,1.784314578231995
2025-02-28 09:00,0.44659861876885404
2025-02-28 10:00,0.90428162768768
2025-02-28 11:00,0.4488729055501475
2025-02-28 12:00,1.8627043128846699
2025-02-28 13:00,2.733496179934875
2025-02-28 14:00,3.6001461761998352
2025-02-28 15:00,2.799132911079323
2025-02-28 16:00,1.8175461047151573
2025-02-28 17:00,1.0746369996249898
2025-02-28 18:00,0.0
2025-02-28 19:00,0.6908981416668236
2025-02-28 20:00,2.8860714247197126
2025-02-28 21:00,2.121725403058449
2025-02-28 22:00,2.299081987581969
2025-02-28 23:00,3.939985316370017
2025-03-01 00:00,1.7421336381197972
2025-03-01 01:00,3.2599265275167646
2025-03-01 02:00,3.9720318992993215
2025-03-01 03:00,4.241981820345702
2025-03-01 04:00,2.989452816734764
2025-03-01 05:00,2.2064519719747735
2025-03-01 06:00,1.6848066075984502
2025-03-01 07:00,0.11609696398757272
2025-03-01 08:00,0.0
2025-03-01 09:00,0.0
2025-03-01 10:00,0.0
2025-03-01 11:00,0.0
2025-03-01 12:00,0.0
2025-03-01 13:00,0.0
2025-03-01 14:00,0.9886675410957823
2025-03-01 15:00,2.1565982812808717
2025-03-01 16:00,3.1541212629065076
2025-03-01 17:00,2.8491642137319046
2025-03-01 18:00,5.581308149280207
2025-03-01 19:00,4.607431840456007
2025-03-01 20:00,9.196879050699211
2025-03-01 21:00,8.08449427794876
2025-03-01 22:00,11.57169349967605
2025-03-01 23:00,12.01982115794042
2025-03-02 00:00,6.919631592724867
2025-03-02 01:00,6.468700714489356
2025-03-02 02:00,7.952965163730611
2025-03-02 03:00,4.628479963040962
2025-03-02 04:00,3.149878578294673
2025-03-02 05:00,3.279039492958899
2025-03-02 06:00,6.252827132443121
2025-03-02 07:00,7.097177159471514
2025-03-02 08:00,9.282414399750808
2025-03-02 09:00,5.145523943205772
2025-03-02 10:00,1.9349945590055664
2025-03-02 11:00,1.2034095350436766
2025-03-02 12:00,0.37465316385982594
2025-03-02 13:00,0.16033201944947795
2025-03-02 14:00,1.8482969573744663
2025-03-02 15:00,2.639946431347655
2025-03-02 16:00,5.706114133543589
2025-03-02 17:00,11.36216061661556
2025-03-02 18:00,19.941845729915332
2025-03-02 19:00,22.989837294191375
2025-03-02 20:00,26.50738106143392
2025-03-02 21:00,30.38562109234104
2025-03-02 22:00,30.85764574547608
2025-03-02 23:00,29.436886503411543
2025-03-03 00:00,31.90167911831367
2025-03-03 01:00,38.60587898157023
2025-03-03 02:00,42.697879990367916
2025-03-03 03:00,45.0979097101855
2025-03-03 04:00,46.96542454787764
2025-03-03 05:00,46.42543411701378
2025-03-03 06:00,46.18665463914985
2025-03-03 07:00,41.55363327381578
2025-03-03 08:00,39.88178455900501
2025-03-03 09:00,42.57668922593808
2025-03-03 10:00,39.39266302133335
2025-03-03 11:00,37.57438620587733
2025-03-03 12:00,36.76597376513328
2025-03-03 13:00,31.20325971648288
2025-03-03 14:00,24.29072895716307
2025-03-03 15:00,22.26328056032625
2025-03-03 16:00,20.09744020013514
2025-03-03 17:00,17.12994896612607
2025-03-03 18:00,18.56681957705836
2025-03-03 19:00,21.07670631007616
2025-03-03 20:00,20.833235228478937
2025-03-03 21:00,22.684243609526398
2025-03-03 22:00,26.029567112659805
2025-03-03 23:00,23.43862640546242
2025-03-04 00:00,26.536102271497985
2025-03-04 01:00,24.384709200317516
2025-03-04 02:00,28.41049087598175
2025-03-04 03:00,26.551883536187063
2025-03-04 04:00,25.540611687731225
2025-03-04 05:00,30.4476989970643
2025-03-04 06:00,28.03798126787651
2025-03-04 07:00,31.327969706561284
2025-03-04 08:00,27.802163611057797
2025-03-04 09:00,24.84204536146432
2025-03-04 10:00,26.084818953849496
2025-03-04 11:00,26.14459740688943
2025-03-04 12:00,23.94556440221933
2025-03-04 13:00,21.818226294014444
2025-03-04 14:00,22.23363217332561
2025-03-04 15:00,24.36106285213526
2025-03-04 16:00,20.229987768381893
2025-03-04 17:00,20.676270800748323
2025-03-04 18:00,22.476210685814085
2025-03-04 19:00,22.135494230578058
2025-03-04 20:00,20.23881348564257
2025-03-04 21:00,20.312562957764413
2025-03-04 22:00,16.78894365114892
2025-03-04 23:00,16.819630877136404
2025-03-05 00:00,17.82437957088586
2025-03-05 01:00,16.423477966608875
2025-03-05 02:00,16.285543899773042
2025-03-05 03:00,14.363885662990405
2025-03-05 04:00,15.241824447386854
2025-03-05 05:00,10.897269054487394
2025-03-05 06:00,11.14428840462511
2025-03-05 07:00,12.050108544984719
2025-03-05 08:00,10.134703367073923
2025-03-05 09:00,9.58932629667749
2025-03-05 10:00,8.294763380135956
2025-03-05 11:00,8.166483214061898
2025-03-05 12:00,4.662308429239262
2025-03-05 13:00,5.478595701205119
2025-03-05 14:00,6.795076939919881
2025-03-05 15:00,7.77098426583962
2025-03-05 16:00,8.697119016279075
2025-03-05 17:00,7.577054661330145
2025-03-05 18:00,9.195521227918796
2025-03-05 19:00,17.323363948529153
2025-03-05 20:00,11.306084784113605
2025-03-05 21:00,16.62806004803954
2025-03-05 22:00,19.742608088766097
2025-03-05 23:00,23.72296675045708
2025-03-06 00:00,30.449819224249524
2025-03-06 01:00,27.82854244076998
2025-03-06 02:00,24.16213441179054
2025-03-06 03:00,25.927380148680008
2025-03-06 04:00,22.556377377475638
2025-03-06 05:00,19.999159875142862
2025-03-06 06:00,16.065089187852294
2025-03-06 07:00,15.034789331981802
2025-03-06 08:00,10.002861594386816
2025-03-06 09:00,8.487944317561587
2025-03-06 10:00,7.886499684886831
2025-03-06 11:00,9.769968434914716
2025-03-06 12:00,13.252994962662607
2025-03-06 13:00,14.109274890470918
2025-03-06 14:00,14.764839409523947
2025-03-06 15:00,18.915233108003036
2025-03-06 16:00,19.40829327410737
2025-03-06 17:00,21.402156119059246
2025-03-06 18:00,22.410579686417837
2025-03-06 19:00,17.898033443519044
2025-03-06 20:00,17.07789746689614
2025-03-06 21:00,11.86580839965728
2025-03-06 22:00,9.551740657244853
2025-03-06 23:00,9.763003710473386
2025-03-07 00:00,15.96038966852704
2025-03-07 01:00,11.442476268873223
2025-03-07 02:00,11.973108030859441
2025-03-07 03:00,10.574442667526622
2025-03-07 04:00,13.208723644378487
2025-03-07 05:00,7.676780817661063
2025-03-07 06:00,4.37658283957531
2025-03-07 07:00,3.0068933496816803
2025-03-07 08:00,1.058553324046561
2025-03-07 09:00,0.9382557596295935
2025-03-07 10:00,0.0
2025-03-07 11:00,0.3330781378123442
2025-03-07 12:00,0.3685533730826522
2025-03-07 13:00,1.4961726758948037
2025-03-07 14:00,1.2288359604577603
2025-03-07 15:00,1.6283093830439015
2025-03-07 16:00,4.014514165622344
2025-03-07 17:00,3.6282882877647924
2025-03-07 18:00,4.924569039293528
2025-03-07 19:00,7.365520584587574
2025-03-07 20:00,6.07854058678151
2025-03-07 21:00,1.5350189342894587
2025-03-07 22:00,0.45709738805499756
2025-03-07 23:00,0.5350015774817132
2025-03-08 00:00,1.1792050237522722
2025-03-08 01:00,1.464738502434763
2025-03-08 02:00,1.5847542706900795
2025-03-08 03:00,1.1459561208791618
2025-03-08 04:00,0.2687054942212463
2025-03-08 05:00,3.7626052165853134
2025-03-08 06:00,4.215843269308061
2025-03-08 07:00,3.705322990117525
2025-03-08 08:00,1.8828828921221274
2025-03-08 09:00,1.7918718546998207
2025-03-08 10:00,0.8012896647227384
2025-03-08 11:00,0.7950598456283927
2025-03-08 12:00,1.7276709577707736
2025-03-08 13:00,0.0
2025-03-08 14:00,0.0
2025-03-08 15:00,0.10899956039020768
2025-03-08 16:00,0.7274133073519219
2025-03-08 17:00,1.809483839889444
2025-03-08 18:00,0.7896565149503445
2025-03-08 19:00,1.3851336498499747
2025-03-08 20:00,3.056842810707218
2025-03-08 21:00,3.1902423547116734
2025-03-08 22:00,4.882959812732151
2025-03-08 23:00,2.5825018943226588
2025-03-09 00:00,3.509007080779842
2025-03-09 01:00,4.309217470996814
2025-03-09 02:00,5.059976763630529
2025-03-09 03:00,3.9363808295373346
2025-03-09 04:00,3.1370766416474543
2025-03-09 05:00,2.6378795242122384
2025-03-09 06:00,2.657082352573618
2025-03-09 07:00,2.2131689208783016
2025-03-09 08:00,3.5153509558733744
2025-03-09 09:00,3.622396213628465
2025-03-09 10:00,1.392785201142348
2025-03-09 11:00,1.181567815720155
2025-03-09 12:00,3.7799173804850814
2025-03-09 13:00,0.968742544078334
2025-03-09 14:00,1.4465914974025573
2025-03-09 15:00,1.4406601349069466
2025-03-09 16:00,1.8386265054143447
2025-03-09 17:00,3.99525015140507
2025-03-09 18:00,2.4877593441523653
2025-03-09 19:00,4.27605072650422
2025-03-09 20:00,5.986505504554891
2025-03-09 21:00,6.066196436551057
2025-03-09 22:00,7.466950524964626
2025-03-09 23:00,9.39837785830361
2025-03-10 00:00,6.565207573025338
2025-03-10 01:00,4.60313556694305
2025-03-10 02:00,4.95213982844895
2025-03-10 03:00,6.162263224988483
2025-03-10 04:00,9.816377574471353
2025-03-10 05:00,8.375338829066616
2025-03-10 06:00,8.956193605692695
2025-03-10 07:00,7.069173264847043
2025-03-10 08:00,2.3054246937872827
2025-03-10 09:00,0.0
2025-03-10 10:00,0.16517453255209297
2025-03-10 11:00,1.1097985514259687
2025-03-10 12:00,5.873544402051744
2025-03-10 13:00,2.027110881249589
2025-03-10 14:00,0.6398159261487465
2025-03-10 15:00,1.4252404870431312
2025-03-10 16:00,1.0913082530444105
2025-03-10 17:00,2.3260374372002475
2025-03-10 18:00,2.3902133580083453
2025-03-10 19:00,0.7164351278464233
2025-03-10 20:00,2.2227540227601126
2025-03-10 21:00,1.0723544054130805
2025-03-10 22:00,1.5866445623227228
2025-03-10 23:00,1.5929439608265847
2025-03-11 00:00,5.075166626453293
2025-03-11 01:00,5.6903877262406395
2025-03-11 02:00,8.369083580857062
2025-03-11 03:00,8.130597006582672
2025-03-11 04:00,7.795471439383194
2025-03-11 05:00,7.753822370694485
2025-03-11 06:00,10.379684170846955
2025-03-11 07:00,10.45939003632737
2025-03-11 08:00,6.064650561504463
2025-03-11 09:00,5.114066921458894
2025-03-11 10:00,1.5459299068889225
2025-03-11 11:00,0.0464316665193651
2025-03-11 12:00,0.4475265970152684
2025-03-11 13:00,0.0
2025-03-11 14:00,0.336117701577732
2025-03-11 15:00,0.23587726766732195
2025-03-11 16:00,1.4848588237622016
2025-03-11 17:00,2.0606630267366985
2025-03-11 18:00,3.6046842686783678
2025-03-11 19:00,6.46785104049988
2025-03-11 20:00,6.333089859081115
2025-03-11 21:00,9.30112983250151
2025-03-11 22:00,7.7878248978199744
2025-03-11 23:00,7.311191521999483
2025-03-12 00:00,4.340273323072986
2025-03-12 01:00,8.123172352330425
2025-03-12 02:00,6.402156311570984
2025-03-12 03:00,8.982872719730306
2025-03-12 04:00,10.560935440873733
2025-03-12 05:00,9.801519861174906
2025-03-12 06:00,7.689455824441628
2025-03-12 07:00,4.853328344107347
2025-03-12 08:00,2.4743929622831353
2025-03-12 09:00,0.4529849287890308
2025-03-12 10:00,0.47139182692896836
2025-03-12 11:00,1.5054361990995717
2025-03-12 12:00,1.2808525105104018
2025-03-12 13:00,1.8556222873739987
2025-03-12 14:00,2.8256146495567536
2025-03-12 15:00,3.3628080036532526
2025-03-12 16:00,4.587325492969782
2025-03-12 17:00,4.086751827584493
2025-03-12 18:00,3.1243132705383583
2025-03-12 19:00,5.345888899903385
2025-03-12 20:00,5.71182063038244
2025-03-12 21:00,3.7878708578058364
2025-03-12 22:00,5.216809204111102
2025-03-12 23:00,7.675270354388377
2025-03-13 00:00,10.046487467110811
2025-03-13 01:00,11.206292938948941
2025-03-13 02:00,12.136376020606468
2025-03-13 03:00,12.163217634138013
2025-03-13 04:00,10.73986733671069
2025-03-13 05:00,11.529108907291384
2025-03-13 06:00,13.46747350801633
2025-03-13 07:00,13.329361748534074
2025-03-13 08:00,14.752347433928447
2025-03-13 09:00,15.033534977158721
2025-03-13 10:00,16.4086741621055
2025-03-13 11:00,12.827981687126988
2025-03-13 12:00,15.153337095436324
2025-03-13 13:00,17.996508330157443
2025-03-13 14:00,18.679471606122156
2025-03-13 15:00,19.725785277576325
2025-03-13 16:00,28.318494269944853
2025-03-13 17:00,22.877422656847415
2025-03-13 18:00,23.699369847757687
2025-03-13 19:00,24.348411369125003
2025-03-13 20:00,14.739627426272481
2025-03-13 21:00,14.11638660362915
2025-03-13 22:00,12.216873283801245
2025-03-13 23:00,8.851768161280564
2025-03-14 00:00,15.024164150630957
2025-03-14 01:00,14.255517391525991
2025-03-14 02:00,11.549935373564367
2025-03-14 03:00,12.71930544866118
2025-03-14 04:00,12.858450677778803
2025-03-14 05:00,14.558399530827835
2025-03-14 06:00,16.258130270991348
2025-03-14 07:00,16.912466400126185
2025-03-14 08:00,14.04017539053851
2025-03-14 09:00,8.534432704308422
2025-03-14 10:00,7.1441799475659575
2025-03-14 11:00,5.4877983457605435
2025-03-14 12:00,1.5688405044799978
2025-03-14 13:00,0.3553571293968405
2025-03-14 14:00,2.6857344399046217
2025-03-14 15:00,1.988744530314719
2025-03-14 16:00,3.3997760147688765
2025-03-14 17:00,7.485467326506595
2025-03-14 18:00,5.915891082795233
2025-03-14 19:00,6.518666652963246
2025-03-14 20:00,8.979451847682553
2025-03-14 21:00,5.670331037527162
2025-03-14 22:00,9.84186232414706
2025-03-14 23:00,7.418450499238493
2025-03-15 00:00,9.614476599951121
2025-03-15 01:00,10.581348980773202
2025-03-15 02:00,10.613128719029772
2025-03-15 03:00,7.4474798513839415
2025-03-15 04:00,7.670608856725924
2025-03-15 05:00,6.849412685669445
2025-03-15 06:00,7.36665309914686
2025-03-15 07:00,6.764453288399667
2025-03-15 08:00,8.007691809560562
2025-03-15 09:00,4.994236057358429
2025-03-15 10:00,4.134964268467936
2025-03-15 11:00,2.5089992645863703
2025-03-15 12:00,0.471676701325019
2025-03-15 13:00,0.6881247580749396
2025-03-15 14:00,0.0
2025-03-15 15:00,0.2589999781024082
2025-03-15 16:00,1.7399785293829564
2025-03-15 17:00,2.966506309300493
2025-03-15 18:00,2.238622020973517
2025-03-15 19:00,5.106142586281202
2025-03-15 20:00,5.076289161356894
2025-03-15 21:00,5.162614035639136
2025-03-15 22:00,6.418751572452837
2025-03-15 23:00,7.128060565634057
2025-03-16 00:00,7.50389130474895
2025-03-16 01:00,7.808964156589274
2025-03-16 02:00,7.868221602350576
2025-03-16 03:00,8.716397891191225
2025-03-16 04:00,7.386382733895494
2025-03-16 05:00,5.367631367574045
2025-03-16 06:00,4.122423746755471
2025-03-16 07:00,2.3114309148315075
2025-03-16 08:00,3.8466826265748595
2025-03-16 09:00,3.833994089768225
2025-03-16 10:00,5.283070876952647
2025-03-16 11:00,11.188252217777384
2025-03-16 12:00,13.7388146186764
2025-03-16 13:00,20.916765142410846
2025-03-16 14:00,40.669303492677514
2025-03-16 15:00,45.41405396367247
2025-03-16 16:00,49.625462845141016
2025-03-16 17:00,53.631661455159275
2025-03-16 18:00,57.266718727196306
2025-03-16 19:00,56.99857505662315
2025-03-16 20:00,57.16288557074563
2025-03-16 21:00,60.881712787659154
2025-03-16 22:00,58.94194998840713
2025-03-16 23:00,58.19687095495817
2025-03-17 00:00,51.62984897728011
2025-03-17 01:00,51.72454052742534
2025-03-17 02:00,50.38157015690749
2025-03-17 03:00,51.1434730488019
2025-03-17 04:00,50.37958350293474
2025-03-17 05:00,50.93848086462579
2025-03-17 06:00,50.32306101218239
2025-03-17 07:00,46.03907563599401
2025-03-17 08:00,42.23422466786381
2025-03-17 09:00,33.37480599907836
2025-03-17 10:00,25.415959535688415
2025-03-17 11:00,16.150095240342978
2025-03-17 12:00,12.976971897012039
2025-03-17 13:00,12.830563651847815
2025-03-17 14:00,10.080586193550207
2025-03-17 15:00,8.873515868984285
2025-03-17 16:00,11.777002493549906
2025-03-17 17:00,8.556300172027338
2025-03-17 18:00,6.1107289021300515
2025-03-17 19:00,7.909757382308814
2025-03-17 20:00,9.891433671518591
2025-03-17 21:00,13.670558909928298
2025-03-17 22:00,18.1963828359528
2025-03-17 23:00,24.079654229925975
2025-03-18 00:00,29.546268498649955
2025-03-18 01:00,27.24953790399596
2025-03-18 02:00,34.85593084804557
2025-03-18 03:00,37.75754269414859
2025-03-18 04:00,49.71063192196963
2025-03-18 05:00,38.966451842190736
2025-03-18 06:00,38.516584423414486
2025-03-18 07:00,40.10923843982158
2025-03-18 08:00,46.374480823483594
2025-03-18 09:00,49.76576946574775
2025-03-18 10:00,48.504629608708655
2025-03-18 11:00,52.215021453051975
2025-03-18 12:00,54.873014007781606
2025-03-18 13:00,54.09394853295494
2025-03-18 14:00,53.768560756331055
2025-03-18 15:00,54.617916334707445
2025-03-18 16:00,54.17840195304822
2025-03-18 17:00,52.26290176964142
2025-03-18 18:00,51.80390288572285
2025-03-18 19:00,48.79370931280059
2025-03-18 20:00,50.460694596921016
2025-03-18 21:00,50.209361818606055
2025-03-18 22:00,47.78819942719885
2025-03-18 23:00,44.28451507346759
2025-03-19 00:00,37.76660011280432
2025-03-19 01:00,35.62899373601885
2025-03-19 02:00,30.55991587879226
2025-03-19 03:00,32.46052937193475
2025-03-19 04:00,22.373392689739923
2025-03-19 05:00,20.6074673727503
2025-03-19 06:00,16.327249408599336
2025-03-19 07:00,16.10078298070035
2025-03-19 08:00,15.195367195943689
2025-03-19 09:00,13.859919364721899
2025-03-19 10:00,14.345438484982495
2025-03-19 11:00,16.431383374657596
2025-03-19 12:00,9.789485906087465
2025-03-19 13:00,12.00988877672058
2025-03-19 14:00,11.538170609944896
2025-03-19 15:00,10.398162755626846
2025-03-19 16:00,10.39802539683823
2025-03-19 17:00,11.462885503692451
2025-03-19 18:00,7.336538711611819
2025-03-19 19:00,9.261859596961743
2025-03-19 20:00,14.4255504155111
2025-03-19 21:00,12.806252736307945
2025-03-19 22:00,12.989363034748237
2025-03-19 23:00,13.984148828586523
2025-03-20 00:00,16.71578918584188
2025-03-20 01:00,19.121048432761985
2025-03-20 02:00,18.955641201164585
2025-03-20 03:00,22.48754597580929
2025-03-20 04:00,25.8648108708622
2025-03-20 05:00,29.313870422902966
2025-03-20 06:00,32.10294462271048
2025-03-20 07:00,36.283272001762256
2025-03-20 08:00,37.19000998947632
2025-03-20 09:00,35.78161165625198
2025-03-20 10:00,31.216339352969495
2025-03-20 11:00,21.58804397335633
2025-03-20 12:00,19.194541535517626
2025-03-20 13:00,16.84846699284117
2025-03-20 14:00,14.534557378928337
2025-03-20 15:00,14.965366669355571
2025-03-20 16:00,18.02913103567801
2025-03-20 17:00,19.39930140744645
2025-03-20 18:00,24.07039009811072
2025-03-20 19:00,31.50631944449923
2025-03-20 20:00,32.36070169211
2025-03-20 21:00,33.63557770293497
2025-03-20 22:00,32.48142855904807
2025-03-20 23:00,33.577746118923244
2025-03-21 00:00,36.46998656173758
2025-03-21 01:00,36.995995502212146
2025-03-21 02:00,40.28469695953557
2025-03-21 03:00,39.63054366076761
2025-03-21 04:00,39.04572455502464
2025-03-21 05:00,37.255265519062945
2025-03-21 06:00,34.75375935294295
2025-03-21 07:00,34.81716166792721
2025-03-21 08:00,31.626323132155807
2025-03-21 09:00,30.637565232187022
2025-03-21 10:00,23.30529869080998
2025-03-21 11:00,17.37720237621721
2025-03-21 12:00,12.109836585539917
2025-03-21 13:00,10.972594712940161
2025-03-21 14:00,5.938266043564765
2025-03-21 15:00,0.47523134030378245
2025-03-21 16:00,1.0477703286804576
2025-03-21 17:00,2.284680327490254
2025-03-21 18:00,6.657387618037417
2025-03-21 19:00,8.73463007498647
2025-03-21 20:00,8.054833789748434
2025-03-21 21:00,13.502084865195656
2025-03-21 22:00,16.092201061583992
2025-03-21 23:00,21.692400551436826
2025-03-22 00:00,21.657582846085422
2025-03-22 01:00,27.72150693493259
2025-03-22 02:00,30.672691928260534
2025-03-22 03:00,35.22024945578402
2025-03-22 04:00,37.481624093242154
2025-03-22 05:00,37.894009871991045
2025-03-22 06:00,34.7198600160592
2025-03-22 07:00,32.423434364971186
2025-03-22 08:00,31.268781568081614
2025-03-22 09:00,29.279828652323268
2025-03-22 10:00,20.996319503638404
2025-03-22 11:00,14.862511256769938
2025-03-22 12:00,13.150986680127044
2025-03-22 13:00,12.918139266949574
2025-03-22 14:00,12.599361998564088
2025-03-22 15:00,13.16959328141792
2025-03-22 16:00,12.316044236927585
2025-03-22 17:00,8.892231485607285
2025-03-22 18:00,15.655762752783131
2025-03-22 19:00,20.90556974191014
2025-03-22 20:00,19.82094634298543
2025-03-22 21:00,18.535012438224804
2025-03-22 22:00,21.143954623105017
2025-03-22 23:00,24.981236093157126
2025-03-23 00:00,27.064977876340947
2025-03-23 01:00,27.848641588842487
2025-03-23 02:00,28.078839120749347
2025-03-23 03:00,32.254656196697276
2025-03-23 04:00,32.695814278970694
2025-03-23 05:00,29.180742361083773
2025-03-23 06:00,25.578260493651957
2025-03-23 07:00,21.898678022041842
2025-03-23 08:00,23.165282652211438
2025-03-23 09:00,20.81986861720322
2025-03-23 10:00,13.598449654624671
2025-03-23 11:00,16.37509666641574
2025-03-23 12:00,14.387162907830708
2025-03-23 13:00,17.303802427540646
2025-03-23 14:00,16.67175828769623
2025-03-23 15:00,17.614336803788003
2025-03-23 16:00,17.479026428389933
2025-03-23 17:00,17.113202419978055
2025-03-23 18:00,12.676825635289008
2025-03-23 19:00,16.852350068087265
2025-03-23 20:00,13.29982487291764
2025-03-23 21:00,13.557605091181477
2025-03-23 22:00,13.538620496463222
2025-03-23 23:00,17.16002138318273
2025-03-24 00:00,23.8546844048663
2025-03-24 01:00,36.26660363689803
2025-03-24 02:00,39.543477819694026
2025-03-24 03:00,37.572756254260945
2025-03-24 04:00,38.551961182460666
2025-03-24 05:00,39.83233951377488
2025-03-24 06:00,44.150837280285714
2025-03-24 07:00,46.17607799777163
2025-03-24 08:00,45.82862775705736
2025-03-24 09:00,44.00757675142049
2025-03-24 10:00,42.6794100587429
2025-03-24 11:00,39.435787646273184
2025-03-24 12:00,42.85381131643199
2025-03-24 13:00,43.01175296315063
2025-03-24 14:00,39.93180247540968
2025-03-24 15:00,41.93065508642654
2025-03-24 16:00,42.089461727114085
2025-03-24 17:00,44.316693264226885
2025-03-24 18:00,45.072070404626984
2025-03-24 19:00,39.944279585234554
2025-03-24 20:00,41.799330179676375
2025-03-24 21:00,37.768543719143096
2025-03-24 22:00,34.56503654055605
2025-03-24 23:00,32.47028078349658
2025-03-25 00:00,28.600791928905565
2025-03-25 01:00,21.574044845115434
2025-03-25 02:00,17.627720128794884
2025-03-25 03:00,15.272256186034504
2025-03-25 04:00,12.591247304431784
2025-03-25 05:00,10.48525482079785
2025-03-25 06:00,12.115910701647657
2025-03-25 07:00,12.319733524609111
2025-03-25 08:00,14.718016601956364
2025-03-25 09:00,21.485323159106514
2025-03-25 10:00,32.36578105849878
2025-03-25 11:00,35.38229843467812
2025-03-25 12:00,46.044978788393834
2025-03-25 13:00,43.63649855511754
2025-03-25 14:00,44.085132291632235
2025-03-25 15:00,39.04824537292883
2025-03-25 16:00,33.48677910490713
2025-03-25 17:00,34.07028031670866
2025-03-25 18:00,24.25586746819147
2025-03-25 19:00,22.672491191657908
2025-03-25 20:00,15.800901510577141
2025-03-25 21:00,13.91289961903468
2025-03-25 22:00,10.385381165528543
2025-03-25 23:00,6.4474758281460955
2025-03-26 00:00,9.443746017621178
2025-03-26 01:00,11.40309626000624
2025-03-26 02:00,10.28026043413554
2025-03-26 03:00,11.96196002484578
2025-03-26 04:00,6.64717950441976
2025-03-26 05:00,4.10878508951544
2025-03-26 06:00,6.621574727372648
2025-03-26 07:00,2.3958250782823067
2025-03-26 08:00,1.6639400442360388
2025-03-26 09:00,0.0
2025-03-26 10:00,0.0
2025-03-26 11:00,0.7420986590304242
2025-03-26 12:00,2.805140971052458
2025-03-26 13:00,6.504864743566279
2025-03-26 14:00,8.015500254742738
2025-03-26 15:00,10.04018240964525
2025-03-26 16:00,12.543449801594054
2025-03-26 17:00,13.391729044439707
2025-03-26 18:00,17.676626888221474
2025-03-26 19:00,28.51122989116084
2025-03-26 20:00,37.066274593707405
2025-03-26 21:00,42.32538153009163
2025-03-26 22:00,46.39328772719507
2025-03-26 23:00,50.622641738327275
2025-03-27 00:00,51.84953356498942
2025-03-27 01:00,54.08696190327506
2025-03-27 02:00,54.31821410630241
2025-03-27 03:00,53.96924357403086
2025-03-27 04:00,54.394772772590436
2025-03-27 05:00,50.323022633250986
2025-03-27 06:00,47.901727631993225
2025-03-27 07:00,44.64196134864417
2025-03-27 08:00,39.49052333929917
2025-03-27 09:00,37.759107744148594
2025-03-27 10:00,33.00681612699799
2025-03-27 11:00,26.573714043557516
2025-03-27 12:00,15.31319488057664
2025-03-27 13:00,12.39163596025705
2025-03-27 14:00,15.894267908554484
2025-03-27 15:00,16.033987836508654
2025-03-27 16:00,11.258200101159872
2025-03-27 17:00,20.216459506570974
2025-03-27 18:00,28.384601671760382
2025-03-27 19:00,22.831586928476078
2025-03-27 20:00,22.14408438473564
2025-03-27 21:00,22.507444249009374
2025-03-27 22:00,26.357645355401164
2025-03-27 23:00,32.38756830566675
2025-03-28 00:00,26.82454928088633
2025-03-28 01:00,26.994083197128393
2025-03-28 02:00,31.454719401383418
2025-03-28 03:00,32.95370010113425
2025-03-28 04:00,38.02335905114918
2025-03-28 05:00,41.28523781401441
2025-03-28 06:00,40.233952550878826
2025-03-28 07:00,41.608022484601506
2025-03-28 08:00,37.29063426879844
2025-03-28 09:00,37.40083669251361
2025-03-28 10:00,38.53253987826622
2025-03-28 11:00,40.90383016975612
2025-03-28 12:00,41.6761610307763
2025-03-28 13:00,41.9500092448483
2025-03-28 14:00,42.7077042112424
2025-03-28 15:00,43.91519788552944
2025-03-28 16:00,45.59044630598133
2025-03-28 17:00,47.95432962609068
2025-03-28 18:00,54.531690836549274
2025-03-28 19:00,52.72204114234718
2025-03-28 20:00,52.84264179169028
2025-03-28 21:00,49.66645638967779
2025-03-28 22:00,47.15051720580041
2025-03-28 23:00,35.103533942413804
2025-03-29 00:00,24.63995345136274
2025-03-29 01:00,20.230353241373717
2025-03-29 02:00,16.68027656841281
2025-03-29 03:00,13.689260124123988
2025-03-29 04:00,14.811369647953912
2025-03-29 05:00,15.506455522052034
2025-03-29 06:00,16.115965655661192
2025-03-29 07:00,11.963555602384169
2025-03-29 08:00,11.548480944507805
2025-03-29 09:00,7.8020186756415795
2025-03-29 10:00,4.713557426718147
2025-03-29 11:00,2.1475837647596516
2025-03-29 12:00,7.611165617831397
2025-03-29 13:00,6.971532851046248
2025-03-29 14:00,30.664942954932666
2025-03-29 15:00,29.963512001136856
2025-03-29 16:00,37.96111578479825
2025-03-29 17:00,42.066711119091494
2025-03-29 18:00,43.690560875092274
2025-03-29 19:00,44.096445694566285
2025-03-29 20:00,46.58689793930728
2025-03-29 21:00,47.588965142717086
2025-03-29 22:00,41.36697399175749
2025-03-29 23:00,32.663951553706525
2025-03-30 00:00,24.68182333823435
2025-03-30 01:00,22.751347938668257
2025-03-30 02:00,20.406516725858523
2025-03-30 03:00,17.361241154118876
2025-03-30 04:00,16.50232170206352
2025-03-30 05:00,15.15881084405852
2025-03-30 06:00,18.165320795028563
2025-03-30 07:00,18.989897011695966
2025-03-30 08:00,21.958166100664144
2025-03-30 09:00,24.495618983431687
2025-03-30 10:00,15.938424837774441
2025-03-30 11:00,13.91461981481302
2025-03-30 12:00,11.869186347173827
2025-03-30 13:00,10.80323693808759
2025-03-30 14:00,11.89416683106276
2025-03-30 15:00,13.32420419409508
2025-03-30 16:00,11.512506632641882
2025-03-30 17:00,12.907037109515432
2025-03-30 18:00,11.946522311698041
2025-03-30 19:00,14.144381896967534
2025-03-30 20:00,17.64137587627106
2025-03-30 21:00,16.103331768692737
2025-03-30 22:00,14.516132308928938
2025-03-30 23:00,16.17745264283825
2025-03-31 00:00,13.358938258616309
2025-03-31 01:00,18.018216907897163
2025-03-31 02:00,17.792780303270806
2025-03-31 03:00,17.516602998132807
2025-03-31 04:00,17.81825930076931
2025-03-31 05:00,16.551959801602848
2025-03-31 06:00,12.913144813232071
2025-03-31 07:00,11.35580151346217
2025-03-31 08:00,6.687214827078654
2025-03-31 09:00,3.471006207010871
2025-03-31 10:00,0.2906773169388854
2025-03-31 11:00,0.0
2025-03-31 12:00,0.9342198358511701
2025-03-31 13:00,0.44367387589626883
2025-03-31 14:00,0.0
2025-03-31 15:00,0.0
2025-03-31 16:00,2.809375335717951
2025-03-31 17:00,2.9592686284762357
2025-03-31 18:00,3.5180564472782847
2025-03-31 19:00,2.3550639275348373
2025-03-31 20:00,3.8379523422460795
2025-03-31 21:00,5.533289350697095
2025-03-31 22:00,6.158593282724337
2025-03-31 23:00,7.382468383762922
2025-04-01 00:00,5.13680849194127
2025-04-01 01:00,3.5285405913791723
2025-04-01 02:00,3.47368674613627
2025-04-01 03:00,3.9477881292523436
2025-04-01 04:00,2.4529789560517776
2025-04-01 05:00,2.2796653034509187
2025-04-01 06:00,1.9035930020657152
2025-04-01 07:00,2.3148358027750313
2025-04-01 08:00,3.6275455480223884
2025-04-01 09:00,1.647527450038326
2025-04-01 10:00,2.1754796815684023
2025-04-01 11:00,0.9532855890990521
2025-04-01 12:00,0.2899037548601187
2025-04-01 13:00,0.16866507615540924
2025-04-01 14:00,0.0
2025-04-01 15:00,1.018268477663746
2025-04-01 16:00,1.9586293651663975
2025-04-01 17:00,1.683281429485263
2025-04-01 18:00,2.6939939423868275
2025-04-01 19:00,5.279246914840639
2025-04-01 20:00,5.396771780325998
2025-04-01 21:00,1.335192378573779
2025-04-01 22:00,0.49779623794438266
2025-04-01 23:00,1.6185886751242904
2025-04-02 00:00,4.136560652109465
2025-04-02 01:00,7.914911769635081
2025-04-02 02:00,9.388054422382455
2025-04-02 03:00,6.1582380343199254
2025-04-02 04:00,9.700142595090384
2025-04-02 05:00,7.871084668913374
2025-04-02 06:00,6.971618871243811
2025-04-02 07:00,8.583652219970046
2025-04-02 08:00,2.3726145625100687
2025-04-02 09:00,0.9821800828762516
2025-04-02 10:00,3.125193184161733
2025-04-02 11:00,1.1505854351826232
2025-04-02 12:00,0.0
2025-04-02 13:00,0.0
2025-04-02 14:00,1.2072693378295498
2025-04-02 15:00,2.9168762884767134
2025-04-02 16:00,7.690639060095746
2025-04-02 17:00,11.600252206343173
2025-04-02 18:00,11.864454507916433
2025-04-02 19:00,12.57928301510009
2025-04-02 20:00,15.800992361651659
2025-04-02 21:00,12.560508024509616
2025-04-02 22:00,8.072267434558915
2025-04-02 23:00,6.417229340606128
2025-04-03 00:00,12.299763539961432
2025-04-03 01:00,10.254627573392703
2025-04-03 02:00,8.514649055023684
2025-04-03 03:00,6.783600425675459
2025-04-03 04:00,4.74149016776866
2025-04-03 05:00,8.128878085037032
2025-04-03 06:00,7.5178350999624906
2025-04-03 07:00,5.284621921514275
2025-04-03 08:00,3.08025408847046
2025-04-03 09:00,0.9113655511835124
2025-04-03 10:00,0.0
2025-04-03 11:00,0.0
2025-04-03 12:00,0.0
2025-04-03 13:00,1.61534638276135
2025-04-03 14:00,2.4530290644433204
2025-04-03 15:00,6.960136764407369
2025-04-03 16:00,8.082598858924868
2025-04-03 17:00,10.518037952725235
2025-04-03 18:00,10.225802425658399
2025-04-03 19:00,8.633857729035917
2025-04-03 20:00,4.540458356411804
2025-04-03 21:00,3.6402636467019573
2025-04-03 22:00,4.399236917550125
2025-04-03 23:00,2.7243797978147613
2025-04-04 00:00,0.24706112573660616
2025-04-04 01:00,1.7699355510928139
2025-04-04 02:00,1.6720486131059769
2025-04-04 03:00,1.835788209042519
2025-04-04 04:00,2.8444483426313165
2025-04-04 05:00,1.2923972754953343
2025-04-04 06:00,1.6175220091019702
2025-04-04 07:00,0.6028439612703121
2025-04-04 08:00,0.21480610833264974
2025-04-04 09:00,0.0
2025-04-04 10:00,0.0
2025-04-04 11:00,1.9915711002430467
2025-04-04 12:00,0.8120947624318401
2025-04-04 13:00,0.0
2025-04-04 14:00,0.0
2025-04-04 15:00,0.0
2025-04-04 16:00,0.039445002030155996
2025-04-04 17:00,0.0
2025-04-04 18:00,0.0
2025-04-04 19:00,2.4221383141108164
2025-04-04 20:00,1.0725618738432374
2025-04-04 21:00,0.8033132651654981
2025-04-04 22:00,2.911915383331529
2025-04-04 23:00,2.600981585145822
2025-04-05 00:00,3.3771127220321877
2025-04-05 01:00,2.1256935240078954
2025-04-05 02:00,2.9489802060764334
2025-04-05 03:00,1.5310063117332275
2025-04-05 04:00,4.5452044737581865
2025-04-05 05:00,9.712970775780098
2025-04-05 06:00,9.767004683934443
2025-04-05 07:00,12.801586741642371
2025-04-05 08:00,20.248896682774593
2025-04-05 09:00,21.964120087515823
2025-04-05 10:00,33.31907478801611
2025-04-05 11:00,36.728441558189004
2025-04-05 12:00,37.12140395462045
2025-04-05 13:00,38.705220197268275
2025-04-05 14:00,40.07408152219517
2025-04-05 15:00,39.59539888992569
2025-04-05 16:00,34.07085251384483
2025-04-05 17:00,24.776130976365756
2025-04-05 18:00,16.15713135768118
2025-04-05 19:00,7.685281784316238
2025-04-05 20:00,6.693363295404095
2025-04-05 21:00,9.13067428158629
2025-04-05 22:00,7.937394826040503
2025-04-05 23:00,11.325821111002089
2025-04-06 00:00,11.259795517314057
2025-04-06 01:00,9.48641651038938
2025-04-06 02:00,12.309547617551551
2025-04-06 03:00,11.824390344719632
2025-04-06 04:00,9.664687817345353
2025-04-06 05:00,9.442664081406603
2025-04-06 06:00,6.489792998310427
2025-04-06 07:00,7.611356476233726
2025-04-06 08:00,5.814108520412957
2025-04-06 09:00,2.4950112634166657
2025-04-06 10:00,5.67981397815233
2025-04-06 11:00,1.6135818763778609
2025-04-06 12:00,3.1672693633814366
2025-04-06 13:00,3.3554913250748597
2025-04-06 14:00,6.764878775750268
2025-04-06 15:00,6.494605978683467
2025-04-06 16:00,3.821794122199696
2025-04-06 17:00,2.783860611349463
2025-04-06 18:00,3.0868569751486636
2025-04-06 19:00,7.858964932979248
2025-04-06 20:00,8.833066027566304
2025-04-06 21:00,7.862293153832019
2025-04-06 22:00,9.773325167854548
2025-04-06 23:00,9.03310565545294
2025-04-07 00:00,9.609031410779131
2025-04-07 01:00,6.635619454675949
2025-04-07 02:00,7.499475368764991
2025-04-07 03:00,3.730645356561477
2025-04-07 04:00,3.8133952628978465
2025-04-07 05:00,4.260908925892473
2025-04-07 06:00,6.596342794120238
2025-04-07 07:00,11.7772342855823
2025-04-07 08:00,8.998830916532249
2025-04-07 09:00,11.298226519662974
2025-04-07 10:00,16.131985249781113
2025-04-07 11:00,16.673855258730473
2025-04-07 12:00,26.65116025079564
2025-04-07 13:00,33.38664964742783
2025-04-07 14:00,34.849889706791174
2025-04-07 15:00,36.29158844713939
2025-04-07 16:00,37.73477433953849
2025-04-07 17:00,37.49308882255684
2025-04-07 18:00,36.00825381862454
2025-04-07 19:00,38.302059568802704
2025-04-07 20:00,42.420742882895
2025-04-07 21:00,43.23490190634489
2025-04-07 22:00,45.962184301430014
2025-04-07 23:00,46.52847668942053
2025-04-08 00:00,46.00715921529123
2025-04-08 01:00,45.62480519094186
2025-04-08 02:00,44.52657898216625
2025-04-08 03:00,40.772716657126786
2025-04-08 04:00,35.312921852532334
2025-04-08 05:00,36.92738645089052
2025-04-08 06:00,38.58682259687362
2025-04-08 07:00,32.90037700592197
2025-04-08 08:00,26.884197412805612
2025-04-08 09:00,20.923862083241566
2025-04-08 10:00,11.21190111913159
2025-04-08 11:00,1.5984565897507825
2025-04-08 12:00,1.3532295377728247
2025-04-08 13:00,0.0
2025-04-08 14:00,0.0
2025-04-08 15:00,0.06720190573014206
2025-04-08 16:00,0.8409550006227449
2025-04-08 17:00,0.7324748952597603
2025-04-08 18:00,3.4931327296250845
2025-04-08 19:00,2.3743807438075186
2025-04-08 20:00,4.556568910016441
2025-04-08 21:00,2.978476618369594
2025-04-08 22:00,4.574847700119441
2025-04-08 23:00,0.31958764717084326
2025-04-09 00:00,0.5669770738184503
2025-04-09 01:00,2.0029227243324925
2025-04-09 02:00,1.2379693702932058
2025-04-09 03:00,0.8382249398980923
2025-04-09 04:00,0.27888267491751867
2025-04-09 05:00,1.8130976749204257
2025-04-09 06:00,0.22235606050457365
2025-04-09 07:00,1.0116775967907095
2025-04-09 08:00,0.625546126638394
2025-04-09 09:00,0.0
2025-04-09 10:00,0.0
2025-04-09 11:00,0.0
2025-04-09 12:00,0.0
2025-04-09 13:00,0.511527741418064
2025-04-09 14:00,0.0
2025-04-09 15:00,2.0371683537848946
2025-04-09 16:00,1.2862996526159416
2025-04-09 17:00,0.0
2025-04-09 18:00,1.787441130181745
2025-04-09 19:00,0.5091871629551348
2025-04-09 20:00,3.2681895140867527
2025-04-09 21:00,4.2064813474876575
2025-04-09 22:00,1.6671875267761576
2025-04-09 23:00,0.276879514328644
2025-04-10 00:00,0.8177064367138159
2025-04-10 01:00,0.9145997253680388
2025-04-10 02:00,1.022103792372596
2025-04-10 03:00,1.9442331839022606
2025-04-10 04:00,1.6898794279303866
2025-04-10 05:00,2.06321508481833
2025-04-10 06:00,0.8796539799758095
2025-04-10 07:00,0.0
2025-04-10 08:00,0.37309046507354493
2025-04-10 09:00,0.0
2025-04-10 10:00,0.0
2025-04-10 11:00,0.0
2025-04-10 12:00,0.8086523922120593
2025-04-10 13:00,0.25384615163019963
2025-04-10 14:00,0.9937467977406592
2025-04-10 15:00,1.0810756218254807
2025-04-10 16:00,2.3603334196927004
2025-04-10 17:00,1.5144991065535112
2025-04-10 18:00,0.9863556415831556
2025-04-10 19:00,0.9164454371150791
2025-04-10 20:00,2.133010048070219
2025-04-10 21:00,1.3243704886489343
2025-04-10 22:00,1.5002536219675047
2025-04-10 23:00,2.282088645784747
2025-04-11 00:00,5.79727695532475
2025-04-11 01:00,5.512919561540239
2025-04-11 02:00,5.643867116566687
2025-04-11 03:00,5.602147999426568
2025-04-11 04:00,7.255372699249583
2025-04-11 05:00,6.248733857137997
2025-04-11 06:00,6.036292159932661
2025-04-11 07:00,1.6753063156273396
2025-04-11 08:00,0.0
2025-04-11 09:00,0.1610014184285679
2025-04-11 10:00,0.0
2025-04-11 11:00,0.0
2025-04-11 12:00,0.0
2025-04-11 13:00,0.0
2025-04-11 14:00,0.0
2025-04-11 15:00,0.10031642935997616
2025-04-11 16:00,0.4392070742053938
2025-04-11 17:00,0.040387593315533016
2025-04-11 18:00,2.090109524062005
2025-04-11 19:00,3.6573155183763846
2025-04-11 20:00,3.8614342611556487
2025-04-11 21:00,3.165165071626816
2025-04-11 22:00,3.2943271384325628
2025-04-11 23:00,2.9485759694455385
2025-04-12 00:00,5.160104872812905
2025-04-12 01:00,5.272533408247348
2025-04-12 02:00,2.201106656058547
2025-04-12 03:00,3.9949313507029096
2025-04-12 04:00,8.648510435397974
2025-04-12 05:00,9.686145603157684
2025-04-12 06:00,13.147532494134282
2025-04-12 07:00,21.672845702606573
2025-04-12 08:00,26.64206838129666
2025-04-12 09:00,24.723560511328348
2025-04-12 10:00,20.97335404921916
2025-04-12 11:00,21.113220629841624
2025-04-12 12:00,26.47587710058914
2025-04-12 13:00,20.938743912808388
2025-04-12 14:00,24.290262637391564
2025-04-12 15:00,32.99807576738681
2025-04-12 16:00,46.78548724850445
2025-04-12 17:00,53.306447860669664
2025-04-12 18:00,55.7915303556606
2025-04-12 19:00,57.8343776349562
2025-04-12 20:00,57.85114519840714
2025-04-12 21:00,57.40318368234247
2025-04-12 22:00,53.782567025005164
2025-04-12 23:00,46.71174236552555
2025-04-13 00:00,50.41819312510686
2025-04-13 01:00,38.05038854583696
2025-04-13 02:00,21.14811250831683
2025-04-13 03:00,23.540614055485833
2025-04-13 04:00,23.321695604733485
2025-04-13 05:00,28.832895514845536
2025-04-13 06:00,50.33408316559796
2025-04-13 07:00,45.80181767146412
2025-04-13 08:00,39.41529941629838
2025-04-13 09:00,36.95094245479899
2025-04-13 10:00,39.189531309691674
2025-04-13 11:00,38.67406798675454
2025-04-13 12:00,39.63430675522524
2025-04-13 13:00,37.19751227401471
2025-04-13 14:00,36.14803199635777
2025-04-13 15:00,36.30872335236913
2025-04-13 16:00,33.02676989678906
2025-04-13 17:00,36.349954556271854
2025-04-13 18:00,31.167419907532015
2025-04-13 19:00,39.787770518774096
2025-04-13 20:00,46.803996029534446
2025-04-13 21:00,46.15863465613984
2025-04-13 22:00,51.27213925306772
2025-04-13 23:00,50.86140897361703
2025-04-14 00:00,49.014492939860425
2025-04-14 01:00,47.99369528876138
2025-04-14 02:00,52.279406345105905
2025-04-14 03:00,49.12455242801452
2025-04-14 04:00,49.03661530049241
2025-04-14 05:00,48.77204193195459
2025-04-14 06:00,47.64997845116051
2025-04-14 07:00,44.90639662045754
2025-04-14 08:00,42.21996680948361
2025-04-14 09:00,27.385125310224527
2025-04-14 10:00,17.93678459045607
2025-04-14 11:00,19.771656808855333
2025-04-14 12:00,29.709040467803693
2025-04-14 13:00,32.560452155383544
2025-04-14 14:00,37.10522900730737
2025-04-14 15:00,37.50526028159729
2025-04-14 16:00,37.3901722118935
2025-04-14 17:00,35.86031377833983
2025-04-14 18:00,38.93222585195443
2025-04-14 19:00,44.23685205905906
2025-04-14 20:00,50.89743382824638
2025-04-14 21:00,48.42408674820808
2025-04-14 22:00,44.89366810725279
2025-04-14 23:00,44.80948769076831
2025-04-15 00:00,42.925663756398144
2025-04-15 01:00,40.24732047272017
2025-04-15 02:00,38.75840384373449
2025-04-15 03:00,39.76621061835602
2025-04-15 04:00,37.532390259363545
2025-04-15 05:00,36.88912333333117
2025-04-15 06:00,32.412233917814746
2025-04-15 07:00,26.254283603887533
2025-04-15 08:00,30.878017595734708
2025-04-15 09:00,23.486767520687472
2025-04-15 10:00,16.002846787716077
2025-04-15 11:00,12.854772870935046
2025-04-15 12:00,12.471829777003501
2025-04-15 13:00,14.192388753251771
2025-04-15 14:00,10.97264917481352
2025-04-15 15:00,9.832432848111052
2025-04-15 16:00,8.1993739891541
2025-04-15 17:00,7.79382615319126
2025-04-15 18:00,4.53036795167396
2025-04-15 19:00,10.21890508962315
2025-04-15 20:00,13.372958960849715
2025-04-15 21:00,13.796952150364815
2025-04-15 22:00,14.350364091348881
2025-04-15 23:00,11.524543003410688
2025-04-16 00:00,14.825758833497401
2025-04-16 01:00,14.632253889126849
2025-04-16 02:00,16.317176806064687
2025-04-16 03:00,17.59279465833276
2025-04-16 04:00,19.7367340211911
2025-04-16 05:00,15.70202476009292
2025-04-16 06:00,19.10743336826338
2025-04-16 07:00,17.444479074485272
2025-04-16 08:00,13.022719119680655
2025-04-16 09:00,23.0402938329511
2025-04-16 10:00,28.640279394852264
2025-04-16 11:00,26.181670278508314
2025-04-16 12:00,30.730507381074574
2025-04-16 13:00,36.64286878160087
2025-04-16 14:00,37.015594775649234
2025-04-16 15:00,38.400169868057574
2025-04-16 16:00,39.462164201024166
2025-04-16 17:00,39.346133143307284
2025-04-16 18:00,39.87718831217222
2025-04-16 19:00,44.59173323121746
2025-04-16 20:00,48.42790809044469
2025-04-16 21:00,49.57640932100581
2025-04-16 22:00,50.08080722195628
2025-04-16 23:00,50.734770389230135
2025-04-17 00:00,48.62847279388347
2025-04-17 01:00,48.609590458908336
2025-04-17 02:00,48.37114588874396
2025-04-17 03:00,47.792137714162756
2025-04-17 04:00,47.6174714686698
2025-04-17 05:00,48.49015608760698
2025-04-17 06:00,50.55809349302584
2025-04-17 07:00,49.89876914202817
2025-04-17 08:00,49.8716910118483
2025-04-17 09:00,51.0534743745429
2025-04-17 10:00,50.53854477106128
2025-04-17 11:00,47.12797883069891
2025-04-17 12:00,44.110535273966676
2025-04-17 13:00,42.589444933249524
2025-04-17 14:00,40.663262548661265
2025-04-17 15:00,37.17871541431748
2025-04-17 16:00,41.76206090149198
2025-04-17 17:00,39.893796574678746
2025-04-17 18:00,42.88189170494286
2025-04-17 19:00,38.34300332653304
2025-04-17 20:00,39.20697712776216
2025-04-17 21:00,35.773310313178214
2025-04-17 22:00,33.19997429650435
2025-04-17 23:00,34.577378702839155
2025-04-18 00:00,33.10906330801476
2025-04-18 01:00,37.83429479663018
2025-04-18 02:00,40.82448869769956
2025-04-18 03:00,40.00952152404505
2025-04-18 04:00,39.16839886250444
2025-04-18 05:00,41.25393160248072
2025-04-18 06:00,43.37781692008396
2025-04-18 07:00,41.44121586145053
2025-04-18 08:00,37.33955350176804
2025-04-18 09:00,34.93699079176184
2025-04-18 10:00,30.621148623554806
2025-04-18 11:00,26.266335446065
2025-04-18 12:00,23.788608204494885
2025-04-18 13:00,22.803980231689206
2025-04-18 14:00,18.31359641927993
2025-04-18 15:00,18.323997337473063
2025-04-18 16:00,14.133033331885011
2025-04-18 17:00,16.308024752000453
2025-04-18 18:00,18.072366484131766
2025-04-18 19:00,16.192258595234236
2025-04-18 20:00,18.278724982451635
2025-04-18 21:00,19.189476903794095
2025-04-18 22:00,19.776867712808915
2025-04-18 23:00,24.33026529428938
2025-04-19 00:00,28.487805021929262
2025-04-19 01:00,25.999066834195638
2025-04-19 02:00,27.120635728569784
2025-04-19 03:00,30.45095665445481
2025-04-19 04:00,30.10686723086347
2025-04-19 05:00,32.11997262182031
2025-04-19 06:00,34.86012131338194
2025-04-19 07:00,33.72889792512615
2025-04-19 08:00,34.1498317296258
2025-04-19 09:00,37.49222920665639
2025-04-19 10:00,40.34746262651551
2025-04-19 11:00,42.49167139284691
2025-04-19 12:00,42.45290936005877
2025-04-19 13:00,40.35112161351307
2025-04-19 14:00,38.670766870113624
2025-04-19 15:00,42.20117503976144
2025-04-19 16:00,41.925299853048074
2025-04-19 17:00,41.237310184119025
2025-04-19 18:00,37.70178896889833
2025-04-19 19:00,28.322458838124355
2025-04-19 20:00,18.574675332482812
2025-04-19 21:00,17.494755004822803
2025-04-19 22:00,11.7562791184515
2025-04-19 23:00,4.5986369895401635
2025-04-20 00:00,6.1713835525968435
2025-04-20 01:00,4.073022199333272
2025-04-20 02:00,3.498842661052581
2025-04-20 03:00,4.3854150731803525
2025-04-20 04:00,7.897810980947201
2025-04-20 05:00,12.290769604232555
2025-04-20 06:00,12.098707416704762
2025-04-20 07:00,9.630795503244821
2025-04-20 08:00,7.193819674713574
2025-04-20 09:00,4.424425726061229
2025-04-20 10:00,3.3826080424225373
2025-04-20 11:00,3.4175725532369197
2025-04-20 12:00,1.5437338547392319
2025-04-20 13:00,1.556127277092389
2025-04-20 14:00,0.834343902285485
2025-04-20 15:00,1.4487042791654936
2025-04-20 16:00,5.128192015975377
2025-04-20 17:00,4.149666897454691
2025-04-20 18:00,4.0798370128297
2025-04-20 19:00,4.723923288496042
2025-04-20 20:00,4.064472810082554
2025-04-20 21:00,4.353332452218063
2025-04-20 22:00,5.579371947399809
2025-04-20 23:00,4.379154752498302
2025-04-21 00:00,0.9536891746741473
2025-04-21 01:00,1.8449749567335068
2025-04-21 02:00,1.2564339089448366
2025-04-21 03:00,0.7101198127795794
2025-04-21 04:00,0.21650077981939275
2025-04-21 05:00,0.0
2025-04-21 06:00,0.0
2025-04-21 07:00,0.578189197682232
2025-04-21 08:00,0.10471806221406618
2025-04-21 09:00,0.0
2025-04-21 10:00,0.35060621281322973
2025-04-21 11:00,1.7451714159029281
2025-04-21 12:00,1.8488757983817863
2025-04-21 13:00,1.1873864665458504
2025-04-21 14:00,0.38197514560571644
2025-04-21 15:00,0.0
2025-04-21 16:00,0.3280291213949998
2025-04-21 17:00,0.42687542680918356
2025-04-21 18:00,0.04573369146283168
2025-04-21 19:00,0.0
2025-04-21 20:00,0.03699986125911783
2025-04-21 21:00,0.19644546173815766
2025-04-21 22:00,0.4539635480377657
2025-04-21 23:00,2.3099007035190584
2025-04-22 00:00,1.6960528279602975
2025-04-22 01:00,1.4326631404559649
2025-04-22 02:00,2.1010310744807694
2025-04-22 03:00,5.570308681371417
2025-04-22 04:00,7.416945116253032
2025-04-22 05:00,5.903086629421561
2025-04-22 06:00,8.762161081460558
2025-04-22 07:00,17.3309056968157
2025-04-22 08:00,14.283166353287951
2025-04-22 09:00,17.40050697138515
2025-04-22 10:00,19.020124337409918
2025-04-22 11:00,28.705572162993324
2025-04-22 12:00,34.99004232747477
2025-04-22 13:00,34.88929803135096
2025-04-22 14:00,40.73472247153332
2025-04-22 15:00,41.00490701020976
2025-04-22 16:00,41.74960710715618
2025-04-22 17:00,39.524307682372466
2025-04-22 18:00,36.23253741111611
2025-04-22 19:00,31.20911145815458
2025-04-22 20:00,20.637841050000343
2025-04-22 21:00,12.508172489737355
2025-04-22 22:00,6.066821093018995
2025-04-22 23:00,5.058244163620577
2025-04-23 00:00,6.857914232291188
2025-04-23 01:00,7.022309276632184
2025-04-23 02:00,8.698064034067547
2025-04-23 03:00,9.933487485364207
2025-04-23 04:00,10.218931798531083
2025-04-23 05:00,10.032367943075155
2025-04-23 06:00,5.02780368616576
2025-04-23 07:00,4.298104669306373
2025-04-23 08:00,3.0121300547420478
2025-04-23 09:00,2.4494470103054105
2025-04-23 10:00,1.8089631492915201
2025-04-23 11:00,1.2136192342583179
2025-04-23 12:00,0.23062336411469803
2025-04-23 13:00,1.060832053363493
2025-04-23 14:00,1.030801103938317
2025-04-23 15:00,2.630187831007603
2025-04-23 16:00,2.514414702961671
2025-04-23 17:00,1.7361516621257025
2025-04-23 18:00,1.5481553745049916
2025-04-23 19:00,1.9373066548968854
2025-04-23 20:00,1.2148818305587354
2025-04-23 21:00,0.5074477124065815
2025-04-23 22:00,1.6853652536551298
2025-04-23 23:00,3.0470943066948277
2025-04-24 00:00,2.2316867589144955
2025-04-24 01:00,2.294008312565822
2025-04-24 02:00,2.264120044958315
2025-04-24 03:00,5.814834186624813
2025-04-24 04:00,4.011664302672734
2025-04-24 05:00,2.619885068871159
2025-04-24 06:00,2.6726321891780453
2025-04-24 07:00,1.8018880765343195
2025-04-24 08:00,2.9400955125874852
2025-04-24 09:00,4.6088336501477505
2025-04-24 10:00,4.816792478977977
2025-04-24 11:00,3.0182307252771543
2025-04-24 12:00,0.6304944519272581
2025-04-24 13:00,0.0
2025-04-24 14:00,0.0
2025-04-24 15:00,0.9327377060475063
2025-04-24 16:00,4.857400618443347
2025-04-24 17:00,8.383528665459467
2025-04-24 18:00,11.681996563379633
2025-04-24 19:00,20.71459674160242
2025-04-24 20:00,22.95042804016134
2025-04-24 21:00,25.204525211939092
2025-04-24 22:00,20.316047142319206
2025-04-24 23:00,15.05501453815544
2025-04-25 00:00,14.25685373152444
2025-04-25 01:00,13.899317522006776
2025-04-25 02:00,13.943146194185234
2025-04-25 03:00,12.551410114289776
2025-04-25 04:00,15.833342766890292
2025-04-25 05:00,15.201021694887311
2025-04-25 06:00,13.896608148524843
2025-04-25 07:00,6.433672224684251
2025-04-25 08:00,6.272567365142398
2025-04-25 09:00,1.478081473103428
2025-04-25 10:00,0.0
2025-04-25 11:00,0.0
2025-04-25 12:00,1.8423293198836297
2025-04-25 13:00,2.856553686260878
2025-04-25 14:00,2.171127164804077
2025-04-25 15:00,3.4858503430701275
2025-04-25 16:00,6.313374931852854
2025-04-25 17:00,6.086828627748765
2025-04-25 18:00,5.121804468109333
2025-04-25 19:00,5.221502227327409
2025-04-25 20:00,3.7859572197093248
2025-04-25 21:00,2.4014365296861313
2025-04-25 22:00,1.7611254277008326
2025-04-25 23:00,3.2726943449072246
2025-04-26 00:00,5.513270385468903
2025-04-26 01:00,4.382866654284274
2025-04-26 02:00,6.981776979197558
2025-04-26 03:00,5.137887027480009
2025-04-26 04:00,1.2089523538389013
2025-04-26 05:00,2.069484729146359
2025-04-26 06:00,3.9922445104117013
2025-04-26 07:00,5.576893648060371
2025-04-26 08:00,8.095597899404718
2025-04-26 09:00,2.1461126564422446
2025-04-26 10:00,4.848146158209735
2025-04-26 11:00,9.229696662592147
2025-04-26 12:00,10.160611946872145
2025-04-26 13:00,11.896696748878732
2025-04-26 14:00,11.89936251248879
2025-04-26 15:00,14.219651910302751
2025-04-26 16:00,13.778033537169499
2025-04-26 17:00,13.560794067145146
2025-04-26 18:00,13.015930141095641
2025-04-26 19:00,12.380260668860261
2025-04-26 20:00,19.223367593020512
2025-04-26 21:00,18.157201501205897
2025-04-26 22:00,16.338348276983865
2025-04-26 23:00,16.3385251169002
2025-04-27 00:00,16.858571555260998
2025-04-27 01:00,10.082566291709965
2025-04-27 02:00,11.720940873715861
2025-04-27 03:00,19.175812617604283
2025-04-27 04:00,14.543411149311579
2025-04-27 05:00,15.332146816168262
2025-04-27 06:00,22.104359209283334
2025-04-27 07:00,16.781579941451806
2025-04-27 08:00,17.851452161649433
2025-04-27 09:00,14.940040525959532
2025-04-27 10:00,11.878409749390467
2025-04-27 11:00,6.24583211849657
2025-04-27 12:00,8.05471943354784
2025-04-27 13:00,1.884148277152856
2025-04-27 14:00,0.8388781130377806
2025-04-27 15:00,1.255839816056411
2025-04-27 16:00,2.1938529705104934
2025-04-27 17:00,2.748622557472119
2025-04-27 18:00,6.2926412246156564
2025-04-27 19:00,6.660305490096102
2025-04-27 20:00,6.154301307238725
2025-04-27 21:00,8.88844527574557
2025-04-27 22:00,8.435640464441944
2025-04-27 23:00,6.255890024393332
2025-04-28 00:00,7.927484301391514
2025-04-28 01:00,8.54778633932054
2025-04-28 02:00,6.009655678174935
2025-04-28 03:00,8.24244758326637
2025-04-28 04:00,4.820028295017686
2025-04-28 05:00,6.141818739970987
2025-04-28 06:00,5.889052902550351
2025-04-28 07:00,2.90652208331503
2025-04-28 08:00,1.1758341167514872
2025-04-28 09:00,0.1857869494139202
2025-04-28 10:00,0.5886104660712116
2025-04-28 11:00,1.1795933216964365
2025-04-28 12:00,4.221811334255419
2025-04-28 13:00,6.593082550520817
2025-04-28 14:00,10.346740465266175
2025-04-28 15:00,16.49484734794523
2025-04-28 16:00,20.150316194267617
2025-04-28 17:00,21.963277553580095
2025-04-28 18:00,25.50239128006183
2025-04-28 19:00,25.290739914716454
2025-04-28 20:00,20.71219125880026
2025-04-28 21:00,18.510885329481386
2025-04-28 22:00,9.63865001793429
2025-04-28 23:00,7.102829338395378
2025-04-29 00:00,9.287123326596369
2025-04-29 01:00,8.963172518080523
2025-04-29 02:00,8.726773210780005
2025-04-29 03:00,9.083359980623671
2025-04-29 04:00,9.475821800871385
2025-04-29 05:00,9.3641211164664
2025-04-29 06:00,5.417314739056417
2025-04-29 07:00,0.6823352009772514
2025-04-29 08:00,0.0
2025-04-29 09:00,0.0
2025-04-29 10:00,0.0
2025-04-29 11:00,0.0
2025-04-29 12:00,0.0
2025-04-29 13:00,0.3458070718574683
2025-04-29 14:00,0.0
2025-04-29 15:00,0.20732489021644654
2025-04-29 16:00,2.0461325614897574
2025-04-29 17:00,2.5491946998308195
2025-04-29 18:00,5.843100730402087
2025-04-29 19:00,10.054065206579592
2025-04-29 20:00,15.909299814988971
2025-04-29 21:00,16.491025834469774
2025-04-29 22:00,16.410367319519153
2025-04-29 23:00,16.719468213120976
2025-04-30 00:00,16.78623565801957
2025-04-30 01:00,17.209087925376593
2025-04-30 02:00,16.226639793585942
2025-04-30 03:00,16.44265264275565
2025-04-30 04:00,15.521095978768159
2025-04-30 05:00,16.5063091700358
2025-04-30 06:00,18.726448771300902
2025-04-30 07:00,19.40518119128872
2025-04-30 08:00,20.8190473349367
2025-04-30 09:00,20.61867045494009
2025-04-30 10:00,25.95967515724469
2025-04-30 11:00,29.444174128527173
2025-04-30 12:00,28.044851354988346
2025-04-30 13:00,29.814143919218804
2025-04-30 14:00,29.04089369906682
2025-04-30 15:00,29.058108391271343
2025-04-30 16:00,29.118728385259224
2025-04-30 17:00,28.553485009849943
2025-04-30 18:00,26.818006028082806
2025-04-30 19:00,25.091068946814403
2025-04-30 20:00,27.740788475187006
2025-04-30 21:00,30.28276646487119
2025-04-30 22:00,26.23578827100643
2025-04-30 23:00,26.89645694763402
2025-05-01 00:00,38.19150064356726
2025-05-01 01:00,34.61649614217783
2025-05-01 02:00,36.12219796672901
2025-05-01 03:00,38.21945937851388
2025-05-01 04:00,37.186872329656886
2025-05-01 05:00,41.25423235484487
2025-05-01 06:00,47.30187729197132
2025-05-01 07:00,53.43186955896893
2025-05-01 08:00,55.484808302638044
2025-05-01 09:00,51.21791000501385
2025-05-01 10:00,49.59674725941329
2025-05-01 11:00,48.02241175934675
2025-05-01 12:00,41.08830201467508
2025-05-01 13:00,42.8880268157678
2025-05-01 14:00,31.82483141180323
2025-05-01 15:00,26.572283183782822
2025-05-01 16:00,21.718036936697946
2025-05-01 17:00,8.863242781757936
2025-05-01 18:00,4.828882953164968
2025-05-01 19:00,5.2052385394164205
2025-05-01 20:00,6.545274610986558
2025-05-01 21:00,7.85481090314007
2025-05-01 22:00,7.302357731111966
2025-05-01 23:00,7.98557999342779
2025-05-02 00:00,11.129613390128748
2025-05-02 01:00,11.497016940442414
2025-05-02 02:00,15.180841318505955
2025-05-02 03:00,15.337034136952365
2025-05-02 04:00,25.110722965928716
2025-05-02 05:00,25.62281170717028
2025-05-02 06:00,23.296575558206715
2025-05-02 07:00,22.93551536050866
2025-05-02 08:00,28.821216559465096
2025-05-02 09:00,22.35949586459913
2025-05-02 10:00,22.887327153524218
2025-05-02 11:00,13.395448535228937
2025-05-02 12:00,9.784028786861956
2025-05-02 13:00,7.950520405193325
2025-05-02 14:00,6.5263214515685775
2025-05-02 15:00,3.816653384671786
2025-05-02 16:00,2.936873445778382
2025-05-02 17:00,3.003520020475356
2025-05-02 18:00,1.0707443931552496
2025-05-02 19:00,0.8163615448014915
2025-05-02 20:00,0.0
2025-05-02 21:00,0.25540282335612
2025-05-02 22:00,0.9885291233774244
2025-05-02 23:00,0.1649558625148575
2025-05-03 00:00,0.7171464533943569
2025-05-03 01:00,1.0207075183305274
2025-05-03 02:00,2.5548049461989497
2025-05-03 03:00,5.3273938239011915
2025-05-03 04:00,13.39484279232796
2025-05-03 05:00,8.094305040943595
2025-05-03 06:00,9.292897674277835
2025-05-03 07:00,8.991270856531521
2025-05-03 08:00,8.522567732591433
2025-05-03 09:00,4.502914906935146
2025-05-03 10:00,8.36840447098022
2025-05-03 11:00,7.355308805467655
2025-05-03 12:00,7.899804338002222
2025-05-03 13:00,8.861642252260271
2025-05-03 14:00,7.407933926093977
2025-05-03 15:00,5.605268414062681
2025-05-03 16:00,15.321765713874013
2025-05-03 17:00,23.27185907683307
2025-05-03 18:00,29.248940973744116
2025-05-03 19:00,26.89660582489835
2025-05-03 20:00,24.33128074619258
2025-05-03 21:00,13.152631093968994
2025-05-03 22:00,7.1585799089126905
2025-05-03 23:00,6.647950979904673
2025-05-04 00:00,5.459551820993752
2025-05-04 01:00,8.463094317472034
2025-05-04 02:00,8.928132801715318
2025-05-04 03:00,11.497840434378006
2025-05-04 04:00,11.0917837662234
2025-05-04 05:00,12.942019110952373
2025-05-04 06:00,8.657886062962938
2025-05-04 07:00,6.46378760047151
2025-05-04 08:00,3.5759988941218954
2025-05-04 09:00,0.6771706814827768
2025-05-04 10:00,0.19442898361308167
2025-05-04 11:00,0.0
2025-05-04 12:00,0.0
2025-05-04 13:00,0.0
2025-05-04 14:00,0.6926109448896032
2025-05-04 15:00,0.24755615997362357
2025-05-04 16:00,1.8310554275039879
2025-05-04 17:00,1.1334068158738355
2025-05-04 18:00,3.714211605882378
2025-05-04 19:00,1.802257620850742
2025-05-04 20:00,1.836599290993412
2025-05-04 21:00,2.8360779934654183
2025-05-04 22:00,3.9320508142302137
2025-05-04 23:00,3.856822217892884
2025-05-05 00:00,5.742627295415446
2025-05-05 01:00,6.256829369760489
2025-05-05 02:00,4.888130399362028
2025-05-05 03:00,4.296723340847437
2025-05-05 04:00,4.633490958743756
2025-05-05 05:00,4.248620415937716
2025-05-05 06:00,4.729217514077119
2025-05-05 07:00,2.765116704832454
2025-05-05 08:00,1.2885684459036713
2025-05-05 09:00,0.0
2025-05-05 10:00,0.0
2025-05-05 11:00,0.0
2025-05-05 12:00,0.0
2025-05-05 13:00,0.0
2025-05-05 14:00,0.0
2025-05-05 15:00,0.0
2025-05-05 16:00,1.3108129924155791
2025-05-05 17:00,2.96744578098053
2025-05-05 18:00,3.853543336726379
2025-05-05 19:00,4.871215555861937
2025-05-05 20:00,4.622288043681249
2025-05-05 21:00,2.1497750413692827
2025-05-05 22:00,7.771574507857139
2025-05-05 23:00,7.171197266969246
2025-05-06 00:00,9.333665341176312
2025-05-06 01:00,10.781915621170203
2025-05-06 02:00,8.655089103163585
2025-05-06 03:00,7.066548326643216
2025-05-06 04:00,5.916385642150343
2025-05-06 05:00,7.399548957103446
2025-05-06 06:00,7.514758212062623
2025-05-06 07:00,3.537708324899055
2025-05-06 08:00,0.537497952085697
2025-05-06 09:00,0.0
2025-05-06 10:00,0.5287906764439624
2025-05-06 11:00,0.0
2025-05-06 12:00,0.0
2025-05-06 13:00,0.0
2025-05-06 14:00,0.0
2025-05-06 15:00,0.0
2025-05-06 16:00,0.0
2025-05-06 17:00,1.53970224743796
2025-05-06 18:00,3.332183117694416
2025-05-06 19:00,3.7788324660488697
2025-05-06 20:00,1.6205040617820223
2025-05-06 21:00,2.4373665213993116
2025-05-06 22:00,2.552254565768133
2025-05-06 23:00,2.680642256534815
2025-05-07 00:00,5.6399177432505345
2025-05-07 01:00,7.572017999729369
2025-05-07 02:00,7.058285524928093
2025-05-07 03:00,6.451519909163623
2025-05-07 04:00,7.056259798248703
2025-05-07 05:00,8.73357067936599
2025-05-07 06:00,7.429221818009676
2025-05-07 07:00,0.9999070107033107
2025-05-07 08:00,0.8079362888173547
2025-05-07 09:00,0.0
2025-05-07 10:00,0.0
2025-05-07 11:00,0.0
2025-05-07 12:00,0.0
2025-05-07 13:00,0.0
2025-05-07 14:00,0.3787165057077895
2025-05-07 15:00,0.30926402177549295
2025-05-07 16:00,0.5783449152895667
2025-05-07 17:00,0.1554459993112666
2025-05-07 18:00,0.0
2025-05-07 19:00,0.0
2025-05-07 20:00,0.9933584398799091
2025-05-07 21:00,1.4279706948846542
2025-05-07 22:00,1.266642538840902
2025-05-07 23:00,0.01896511528799088
2025-05-08 00:00,1.4038253700583394
2025-05-08 01:00,1.144889280917565
2025-05-08 02:00,0.5573736084377586
2025-05-08 03:00,4.180776920744562
2025-05-08 04:00,4.171122354914702
2025-05-08 05:00,3.184171518101422
2025-05-08 06:00,2.8243471683110557
2025-05-08 07:00,0.3824040409331386
2025-05-08 08:00,0.0
2025-05-08 09:00,0.0
2025-05-08 10:00,0.0
2025-05-08 11:00,0.0
2025-05-08 12:00,0.9471652759988618
2025-05-08 13:00,2.258247355126351
2025-05-08 14:00,0.5205315446299584
2025-05-08 15:00,0.8471377272642845
2025-05-08 16:00,1.0281321349419559
2025-05-08 17:00,0.0
2025-05-08 18:00,0.8704250658912785
2025-05-08 19:00,0.0
2025-05-08 20:00,1.089426171930251
2025-05-08 21:00,0.25821634419632084
2025-05-08 22:00,0.8155228508897583
2025-05-08 23:00,0.7865570738017861
2025-05-09 00:00,6.538125151177198
2025-05-09 01:00,4.934663598281659
2025-05-09 02:00,5.55424280054418
2025-05-09 03:00,6.141374978303906
2025-05-09 04:00,6.293007743172408
2025-05-09 05:00,7.4028127531646195
2025-05-09 06:00,10.584783887517386
2025-05-09 07:00,9.11668830041108
2025-05-09 08:00,13.491698013465767
2025-05-09 09:00,17.973642712704248
2025-05-09 10:00,31.55663788813938
2025-05-09 11:00,41.55588675817167
2025-05-09 12:00,49.79378027468283
2025-05-09 13:00,49.45347706029483
2025-05-09 14:00,51.73403948042338
2025-05-09 15:00,51.37875541086618
2025-05-09 16:00,51.58222798147436
2025-05-09 17:00,52.104942950868846
2025-05-09 18:00,48.61581515911652
2025-05-09 19:00,47.666930983794046
2025-05-09 20:00,47.70540684232709
2025-05-09 21:00,48.21853257878104
2025-05-09 22:00,49.47127765678458
2025-05-09 23:00,49.69346709161573
2025-05-10 00:00,47.737785594119906
2025-05-10 01:00,42.20749669160683
2025-05-10 02:00,40.76944624541995
2025-05-10 03:00,37.318399926705204
2025-05-10 04:00,33.45983124151471
2025-05-10 05:00,31.38855872292502
2025-05-10 06:00,29.099356042304102
2025-05-10 07:00,30.854516713012696
2025-05-10 08:00,34.03375907689043
2025-05-10 09:00,32.87520132354989
2025-05-10 10:00,36.08305618249412
2025-05-10 11:00,35.24867697558774
2025-05-10 12:00,33.38237241620014
2025-05-10 13:00,33.88386272609297
2025-05-10 14:00,34.51390117084793
2025-05-10 15:00,34.29785154156113
2025-05-10 16:00,31.12929192657313
2025-05-10 17:00,30.061841474034807
2025-05-10 18:00,26.8523512094774
2025-05-10 19:00,27.771903907229685
2025-05-10 20:00,22.62970615587606
2025-05-10 21:00,20.68046337761851
2025-05-10 22:00,17.032634004238226
2025-05-10 23:00,14.823340110157792
2025-05-11 00:00,12.326584348353471
2025-05-11 01:00,11.920557988175435
2025-05-11 02:00,7.0985069348705325
2025-05-11 03:00,8.08428626442145
2025-05-11 04:00,6.566202187083371
2025-05-11 05:00,6.241684347269621
2025-05-11 06:00,6.880268395564567
2025-05-11 07:00,5.540114260944073
2025-05-11 08:00,3.8093080875371172
2025-05-11 09:00,3.2306313070866506
2025-05-11 10:00,1.5992255963683886
2025-05-11 11:00,1.1782444215252434
2025-05-11 12:00,0.23636861032506548
2025-05-11 13:00,0.0
2025-05-11 14:00,0.7615304507881909
2025-05-11 15:00,0.0
2025-05-11 16:00,0.1873403573746625
2025-05-11 17:00,1.2870751927265893
2025-05-11 18:00,3.0097013434585977
2025-05-11 19:00,3.962992608038119
2025-05-11 20:00,7.898399873761836
2025-05-11 21:00,10.784361904902475
2025-05-11 22:00,7.689355114529456
2025-05-11 23:00,8.315744070633405
2025-05-12 00:00,12.819863844075126
2025-05-12 01:00,12.8027029194001
2025-05-12 02:00,12.032733007470366
2025-05-12 03:00,11.915249184365884
2025-05-12 04:00,11.489715719683133
2025-05-12 05:00,16.225665973170447
2025-05-12 06:00,16.172745190935014
2025-05-12 07:00,13.583987228679518
2025-05-12 08:00,10.756188631362816
2025-05-12 09:00,8.923699131803401
2025-05-12 10:00,7.86791000802904
2025-05-12 11:00,9.022928821493158
2025-05-12 12:00,12.305622206207255
2025-05-12 13:00,12.10096670080147
2025-05-12 14:00,12.674387299192711
2025-05-12 15:00,12.439486612978678
2025-05-12 16:00,11.038125375545667
2025-05-12 17:00,12.374224891877807
2025-05-12 18:00,12.274987743712545
2025-05-12 19:00,11.628661591290888
2025-05-12 20:00,18.562702007016192
2025-05-12 21:00,18.216734968044417
2025-05-12 22:00,19.347046071824117
2025-05-12 23:00,20.75878175745451
2025-05-13 00:00,14.668388868447813
2025-05-13 01:00,15.167247770415436
2025-05-13 02:00,15.69212611289038
2025-05-13 03:00,13.08605913122033
2025-05-13 04:00,12.248080499336938
2025-05-13 05:00,15.027324613660092
2025-05-13 06:00,15.918910178506195
2025-05-13 07:00,17.060196045496564
2025-05-13 08:00,19.84301206133159
2025-05-13 09:00,19.601732876960046
2025-05-13 10:00,19.31934662685966
2025-05-13 11:00,16.219098370312736
2025-05-13 12:00,19.154044274915456
2025-05-13 13:00,17.860122300462073
2025-05-13 14:00,17.262655748032437
2025-05-13 15:00,15.800281634851126
2025-05-13 16:00,15.39828256263373
2025-05-13 17:00,15.727215961677553
2025-05-13 18:00,13.570648212335035
2025-05-13 19:00,12.920354577819067
2025-05-13 20:00,11.16910675792873
2025-05-13 21:00,11.405848001777812
2025-05-13 22:00,12.225072538139532
2025-05-13 23:00,9.69417589044391
2025-05-14 00:00,11.92875044947921
2025-05-14 01:00,11.363062609035879
2025-05-14 02:00,10.986405602529057
2025-05-14 03:00,10.313413196656796
2025-05-14 04:00,4.506846254420409
2025-05-14 05:00,6.257471431059214
2025-05-14 06:00,7.258954279875563
2025-05-14 07:00,6.361093996798494
2025-05-14 08:00,5.188945052605678
2025-05-14 09:00,6.252242052064933
2025-05-14 10:00,8.19171482746001
2025-05-14 11:00,8.167439652755656
2025-05-14 12:00,13.06922411990558
2025-05-14 13:00,9.953796280677462
2025-05-14 14:00,10.453521033192128
2025-05-14 15:00,18.39607224469438
2025-05-14 16:00,17.56398975817751
2025-05-14 17:00,19.447565602603085
2025-05-14 18:00,15.311425110570799
2025-05-14 19:00,16.40357793772592
2025-05-14 20:00,16.915730422906282
2025-05-14 21:00,17.21465803196415
2025-05-14 22:00,20.27700639419652
2025-05-14 23:00,21.116013689503163
2025-05-15 00:00,26.096208661029916
2025-05-15 01:00,27.929040611283074
2025-05-15 02:00,27.121280564303927
2025-05-15 03:00,31.431951160117855
2025-05-15 04:00,35.3473144115192
2025-05-15 05:00,33.99699441474772
2025-05-15 06:00,35.827943082831226
2025-05-15 07:00,32.400511321836305
2025-05-15 08:00,27.57539076786136
2025-05-15 09:00,28.477545704261946
2025-05-15 10:00,25.623325108561076
2025-05-15 11:00,21.289081675261617
2025-05-15 12:00,22.967231275816022
2025-05-15 13:00,20.0578970020328
2025-05-15 14:00,17.821954803192636
2025-05-15 15:00,13.823660028585994
2025-05-15 16:00,14.070661905580433
2025-05-15 17:00,15.166652006715392
2025-05-15 18:00,16.339384155137846
2025-05-15 19:00,22.23491243691952
2025-05-15 20:00,22.25112124788806
2025-05-15 21:00,24.795040652959052
2025-05-15 22:00,25.491532944842035
2025-05-15 23:00,27.724287812231328
2025-05-16 00:00,23.786642712347398
2025-05-16 01:00,26.676882626372922
2025-05-16 02:00,26.612760869627955
2025-05-16 03:00,24.45069781114682
2025-05-16 04:00,19.073472194418656
2025-05-16 05:00,14.859629596052619
2025-05-16 06:00,11.42115675978241
2025-05-16 07:00,8.728670292496224
2025-05-16 08:00,7.699374137002569
2025-05-16 09:00,5.119143018757669
2025-05-16 10:00,3.9171446112495736
2025-05-16 11:00,8.68004328845307
2025-05-16 12:00,8.153615723509123
2025-05-16 13:00,8.031094487839585
2025-05-16 14:00,4.030466561895111
2025-05-16 15:00,9.607027043663152
2025-05-16 16:00,11.907447320576933
2025-05-16 17:00,12.29980103803843
2025-05-16 18:00,16.04321111986243
2025-05-16 19:00,21.94907388367882
2025-05-16 20:00,23.42906578886579
2025-05-16 21:00,24.782268045190072
2025-05-16 22:00,20.952982273523833
2025-05-16 23:00,15.098056798128844
2025-05-17 00:00,14.26279855495621
2025-05-17 01:00,10.222438834265661
2025-05-17 02:00,8.108998264127493
2025-05-17 03:00,4.542434973384205
2025-05-17 04:00,4.496145445847796
2025-05-17 05:00,3.5099389156391605
2025-05-17 06:00,3.5559754705540567
2025-05-17 07:00,3.182432796666675
2025-05-17 08:00,1.6729357950630543
2025-05-17 09:00,2.1386729399962845
2025-05-17 10:00,1.6456617808816625
2025-05-17 11:00,1.9870450939996296
2025-05-17 12:00,1.4078087089025315
2025-05-17 13:00,3.3970338951647805
2025-05-17 14:00,2.5463924714217057
2025-05-17 15:00,3.2030856390075866
2025-05-17 16:00,8.218558324798282
2025-05-17 17:00,10.302321818768295
2025-05-17 18:00,13.926549494028393
2025-05-17 19:00,15.67156295898974
2025-05-17 20:00,8.551484770630974
2025-05-17 21:00,9.16676832089157
2025-05-17 22:00,12.895798018912036
2025-05-17 23:00,8.895070181264906
2025-05-18 00:00,6.743214226167163
2025-05-18 01:00,9.123788519136461
2025-05-18 02:00,6.663190424787134
2025-05-18 03:00,5.5992179713061665
2025-05-18 04:00,6.532707306135935
2025-05-18 05:00,5.450284720380851
2025-05-18 06:00,4.854060991852748
2025-05-18 07:00,2.4827399785324036
2025-05-18 08:00,1.3294356158448446
2025-05-18 09:00,0.8685285587418948
2025-05-18 10:00,0.0
2025-05-18 11:00,0.34377699480916846
2025-05-18 12:00,0.0
2025-05-18 13:00,0.03626367392282262
2025-05-18 14:00,0.0
2025-05-18 15:00,0.4578956358850678
2025-05-18 16:00,0.41357909379365004
2025-05-18 17:00,0.09804950580536112
2025-05-18 18:00,0.0
2025-05-18 19:00,0.0
2025-05-18 20:00,0.0
2025-05-18 21:00,0.0
2025-05-18 22:00,0.0
2025-05-18 23:00,0.0
2025-05-19 00:00,0.0
2025-05-19 01:00,0.16654360336357643
2025-05-19 02:00,1.3242166716050618
2025-05-19 03:00,3.4119351160440883
2025-05-19 04:00,5.512674790595711
2025-05-19 05:00,6.576303752261845
2025-05-19 06:00,11.856897789982632
2025-05-19 07:00,18.36598856915015
2025-05-19 08:00,23.045832405314535
2025-05-19 09:00,29.38629667796521
2025-05-19 10:00,40.31057750240208
2025-05-19 11:00,39.777316297192655
2025-05-19 12:00,39.49138008933555
2025-05-19 13:00,39.04915712092075
2025-05-19 14:00,44.80249212396295
2025-05-19 15:00,43.56110879405318
2025-05-19 16:00,41.78825491237835
2025-05-19 17:00,36.98275103173185
2025-05-19 18:00,36.4625547441744
2025-05-19 19:00,34.559453553934816
2025-05-19 20:00,31.115741767851564
2025-05-19 21:00,36.429948695211564
2025-05-19 22:00,39.002187818076024
2025-05-19 23:00,40.696425697841505
2025-05-20 00:00,39.7408197170268
2025-05-20 01:00,40.67108570054112
2025-05-20 02:00,40.19841177977654
2025-05-20 03:00,40.01564931251894
2025-05-20 04:00,39.47430599743169
2025-05-20 05:00,33.389500045225375
2025-05-20 06:00,34.11218283988258
2025-05-20 07:00,35.81038481266755
2025-05-20 08:00,33.09572053691548
2025-05-20 09:00,30.54654265585051
2025-05-20 10:00,31.585697419826776
2025-05-20 11:00,23.83568387208783
2025-05-20 12:00,23.45166157833711
2025-05-20 13:00,19.959434790363307
2025-05-20 14:00,19.937592046884312
2025-05-20 15:00,18.552917475454617
2025-05-20 16:00,17.321292716568212
2025-05-20 17:00,19.49183858253996
2025-05-20 18:00,14.080720440887157
2025-05-20 19:00,13.751888257801625
2025-05-20 20:00,13.589914168637604
2025-05-20 21:00,11.644416503944731
2025-05-20 22:00,15.426903730892374
2025-05-20 23:00,17.317729355741697
2025-05-21 00:00,14.986580231783057
2025-05-21 01:00,14.127699319648523
2025-05-21 02:00,12.799239049879716
2025-05-21 03:00,16.85459969355997
2025-05-21 04:00,10.235513877622228
2025-05-21 05:00,12.75216338288747
2025-05-21 06:00,7.889940924527922
2025-05-21 07:00,11.06765190756242
2025-05-21 08:00,4.404111530797647
2025-05-21 09:00,0.671726354641423
2025-05-21 10:00,0.19515897486000233
2025-05-21 11:00,0.7958032722066343
2025-05-21 12:00,0.9303302615925498
2025-05-21 13:00,0.0
2025-05-21 14:00,0.0
2025-05-21 15:00,0.0
2025-05-21 16:00,0.028918423255397795
2025-05-21 17:00,0.8264799242674471
2025-05-21 18:00,1.6583419411825053
2025-05-21 19:00,2.3226160606609185
2025-05-21 20:00,1.1459992896954048
2025-05-21 21:00,1.1871016043012865
2025-05-21 22:00,2.529804359151252
2025-05-21 23:00,2.7062994125862487
2025-05-22 00:00,5.261519232075179
2025-05-22 01:00,6.418832532520767
2025-05-22 02:00,6.09057204162501
2025-05-22 03:00,5.246567557958528
2025-05-22 04:00,5.035844180481849
2025-05-22 05:00,4.80186876311985
2025-05-22 06:00,3.7662156885803513
2025-05-22 07:00,2.4470376953105695
2025-05-22 08:00,1.779700919727717
2025-05-22 09:00,0.5100868067714627
2025-05-22 10:00,0.18706672336121188
2025-05-22 11:00,0.44255184600273245
2025-05-22 12:00,0.0
2025-05-22 13:00,0.0
2025-05-22 14:00,0.0
2025-05-22 15:00,0.0
2025-05-22 16:00,0.44169612151043847
2025-05-22 17:00,0.8312445017004594
2025-05-22 18:00,0.0
2025-05-22 19:00,0.2465028151744724
2025-05-22 20:00,0.5219034072549437
2025-05-22 21:00,0.4072938186328547
2025-05-22 22:00,1.8079666136862187
2025-05-22 23:00,1.9193726791539802
2025-05-23 00:00,4.016233040025399
2025-05-23 01:00,2.4096674152975255
2025-05-23 02:00,2.2021278895406105
2025-05-23 03:00,1.5594991832192868
2025-05-23 04:00,2.0964567232002116
2025-05-23 05:00,1.63470386855916
2025-05-23 06:00,0.09924140302829781
2025-05-23 07:00,0.0
2025-05-23 08:00,0.0
2025-05-23 09:00,0.0
2025-05-23 10:00,0.0
2025-05-23 11:00,0.0
2025-05-23 12:00,0.0
2025-05-23 13:00,0.0
2025-05-23 14:00,0.0
2025-05-23 15:00,0.0
2025-05-23 16:00,0.028385103563604533
2025-05-23 17:00,0.37011539824635986
2025-05-23 18:00,0.31388635089371625
2025-05-23 19:00,0.6482811196786368
2025-05-23 20:00,1.6586662865187478
2025-05-23 21:00,1.8613058020995707
2025-05-23 22:00,1.7621768934894495
2025-05-23 23:00,1.333960831583971
2025-05-24 00:00,2.3892695946024896
2025-05-24 01:00,4.864766821067846
2025-05-24 02:00,3.215162336896728
2025-05-24 03:00,3.9014995852413774
2025-05-24 04:00,4.777583927662252
2025-05-24 05:00,5.56044960743795
2025-05-24 06:00,1.902571693276777
2025-05-24 07:00,2.0387877223297894
2025-05-24 08:00,1.4270864623730506
2025-05-24 09:00,1.9057949349968017
2025-05-24 10:00,0.9169364083471448
2025-05-24 11:00,0.0
2025-05-24 12:00,0.43855086799683984
2025-05-24 13:00,0.9064043512366757
2025-05-24 14:00,1.8729454715434304
2025-05-24 15:00,5.486713503876659
2025-05-24 16:00,8.279042557347521
2025-05-24 17:00,9.916346979050298
2025-05-24 18:00,6.628612839948588
2025-05-24 19:00,9.491493498709985
2025-05-24 20:00,8.268533371677961
2025-05-24 21:00,7.8868681112526575
2025-05-24 22:00,7.622852792855732
2025-05-24 23:00,9.247493326734094
2025-05-25 00:00,9.497709961512728
2025-05-25 01:00,11.15283880284655
2025-05-25 02:00,9.429037822547613
2025-05-25 03:00,9.391004372934455
2025-05-25 04:00,8.168066532742744
2025-05-25 05:00,6.825852893649071
2025-05-25 06:00,5.092505102559918
2025-05-25 07:00,2.023713089493133
2025-05-25 08:00,1.7100280040287832
2025-05-25 09:00,0.4706802464797823
2025-05-25 10:00,0.0
2025-05-25 11:00,0.0
2025-05-25 12:00,0.0
2025-05-25 13:00,0.0
2025-05-25 14:00,0.0
2025-05-25 15:00,0.5086256092421159
2025-05-25 16:00,0.2609960227125179
2025-05-25 17:00,0.13288806716639948
2025-05-25 18:00,0.9976326400201991
2025-05-25 19:00,2.2622452119113814
2025-05-25 20:00,0.07691639422750604
2025-05-25 21:00,0.0
2025-05-25 22:00,1.3685622880964456
2025-05-25 23:00,2.609860055328516
2025-05-26 00:00,2.5345878563285926
2025-05-26 01:00,2.2524829555686723
2025-05-26 02:00,0.8285159166529106
2025-05-26 03:00,1.6744856220479576
2025-05-26 04:00,0.687395387136983
2025-05-26 05:00,0.38147696214862464
2025-05-26 06:00,1.6201498172936777
2025-05-26 07:00,4.12321184045319
2025-05-26 08:00,5.396411529679898
2025-05-26 09:00,8.19972375874198
2025-05-26 10:00,3.9605477915474068
2025-05-26 11:00,9.425583131125341
2025-05-26 12:00,7.102503717337067
2025-05-26 13:00,6.904655425221312
2025-05-26 14:00,4.1746920786575235
2025-05-26 15:00,2.692324659880453
2025-05-26 16:00,2.1868739906634
2025-05-26 17:00,2.266577975146127
2025-05-26 18:00,3.8252803700989157
2025-05-26 19:00,5.090374793166835
2025-05-26 20:00,8.230539751112676
2025-05-26 21:00,6.125696651651567
2025-05-26 22:00,7.777114875215175
2025-05-26 23:00,8.855702657071301
2025-05-27 00:00,8.826491708280487
2025-05-27 01:00,8.414797465096573
2025-05-27 02:00,9.157589569036155
2025-05-27 03:00,10.321861426526821
2025-05-27 04:00,7.703784797628077
2025-05-27 05:00,7.10717978895779
2025-05-27 06:00,5.913907186584342
2025-05-27 07:00,4.893587444159377
2025-05-27 08:00,3.254644846079962
2025-05-27 09:00,2.5920746535520673
2025-05-27 10:00,2.081116042722272
2025-05-27 11:00,0.026069665956052996
2025-05-27 12:00,0.0
2025-05-27 13:00,0.0
2025-05-27 14:00,0.0
2025-05-27 15:00,0.0
2025-05-27 16:00,0.0
2025-05-27 17:00,0.2918294412896314
2025-05-27 18:00,0.0
2025-05-27 19:00,0.0
2025-05-27 20:00,0.0
2025-05-27 21:00,0.0
2025-05-27 22:00,0.07747244684944958
2025-05-27 23:00,0.2887119962334022
2025-05-28 00:00,0.0
2025-05-28 01:00,0.0
2025-05-28 02:00,0.0
2025-05-28 03:00,0.6295552093668026
2025-05-28 04:00,0.3241518301180077
2025-05-28 05:00,0.5451922017741608
2025-05-28 06:00,0.05033041579529167
2025-05-28 07:00,0.7567015598346021
2025-05-28 08:00,0.7815365028974679
2025-05-28 09:00,0.05915109392061373
2025-05-28 10:00,0.8152142864655669
2025-05-28 11:00,0.24734988166419025
2025-05-28 12:00,0.10359295165610038
2025-05-28 13:00,0.9994661289465786
2025-05-28 14:00,0.2904588026132725
2025-05-28 15:00,1.8737328991818845
2025-05-28 16:00,3.254738676277691
2025-05-28 17:00,1.1977864063174934
2025-05-28 18:00,1.4670923028074667
2025-05-28 19:00,2.5452630838748624
2025-05-28 20:00,1.8463269953270782
2025-05-28 21:00,1.938991650169067
2025-05-28 22:00,3.491383213714855
2025-05-28 23:00,2.5460104844609472
2025-05-29 00:00,1.5948330825803443
2025-05-29 01:00,3.3016754828463544
2025-05-29 02:00,3.7491036878621182
2025-05-29 03:00,3.2592831393352815
2025-05-29 04:00,0.3352348091662817
2025-05-29 05:00,0.0
2025-05-29 06:00,0.0
2025-05-29 07:00,0.0
2025-05-29 08:00,0.15280821933594538
2025-05-29 09:00,0.0
2025-05-29 10:00,0.0
2025-05-29 11:00,0.10658026351438059
2025-05-29 12:00,0.24574051929558288
2025-05-29 13:00,2.3779281837415174
2025-05-29 14:00,4.475069509898345
2025-05-29 15:00,5.620219487358394
2025-05-29 16:00,5.586032525351883
2025-05-29 17:00,6.605259568764006
2025-05-29 18:00,4.276757718372971
2025-05-29 19:00,1.6947803678871927
2025-05-29 20:00,0.0
2025-05-29 21:00,0.8597649447349995
2025-05-29 22:00,1.0296572872159095
2025-05-29 23:00,0.9350936233648732
2025-05-30 00:00,2.579756781830652
2025-05-30 01:00,3.5640049487297345
2025-05-30 02:00,3.461306160568572
2025-05-30 03:00,3.50247825389426
2025-05-30 04:00,1.646906911204082
2025-05-30 05:00,1.3630393551516728
2025-05-30 06:00,0.0
2025-05-30 07:00,0.15108243426086515
2025-05-30 08:00,0.0
2025-05-30 09:00,0.0
2025-05-30 10:00,0.3751224438837643
2025-05-30 11:00,0.7335984073169376
2025-05-30 12:00,0.21330155492039007
2025-05-30 13:00,0.9857358467443799
2025-05-30 14:00,1.014980763565441
2025-05-30 15:00,2.331538169262401
2025-05-30 16:00,1.9830771048937947
2025-05-30 17:00,0.3634088467176719
2025-05-30 18:00,0.487456474615796
2025-05-30 19:00,0.43502286898641795
2025-05-30 20:00,0.5361941096672278
2025-05-30 21:00,0.21003178784317286
2025-05-30 22:00,1.0636684339302331
2025-05-30 23:00,0.5490153033102619
2025-05-31 00:00,1.462270761608484
2025-05-31 01:00,0.9797277669470152
2025-05-31 02:00,0.8550091263680117
2025-05-31 03:00,1.5354801773519045
2025-05-31 04:00,1.816482699090384
2025-05-31 05:00,0.839369734059785
2025-05-31 06:00,0.0
2025-05-31 07:00,0.4796151408693313
2025-05-31 08:00,0.0
2025-05-31 09:00,0.0
2025-05-31 10:00,0.0
2025-05-31 11:00,0.0
2025-05-31 12:00,0.0
2025-05-31 13:00,0.08434715536729138
2025-05-31 14:00,0.0
2025-05-31 15:00,0.01454539316318982
2025-05-31 16:00,0.7147443995511905
2025-05-31 17:00,1.6543980698776515
2025-05-31 18:00,0.746522263364394
2025-05-31 19:00,1.9375775093921113
2025-05-31 20:00,2.3259681350384587
2025-05-31 21:00,0.0
2025-05-31 22:00,0.7013144912876084
2025-05-31 23:00,0.25465563595408486
2025-06-01 00:00,0.5204411755202252
2025-06-01 01:00,0.3766568494643043
2025-06-01 02:00,1.0800119348173316
2025-06-01 03:00,0.9724707401728547
2025-06-01 04:00,0.7564594776880181
2025-06-01 05:00,0.492139553687517
2025-06-01 06:00,0.6353778731147036
2025-06-01 07:00,1.0124980201088787
2025-06-01 08:00,0.4244843670507637
2025-06-01 09:00,0.0
2025-06-01 10:00,0.0
2025-06-01 11:00,0.19777781323815
2025-06-01 12:00,0.06904107142859021
2025-06-01 13:00,0.48831708799396933
2025-06-01 14:00,0.2600519121425324
2025-06-01 15:00,0.6746293992258471
2025-06-01 16:00,0.27376606633388434
2025-06-01 17:00,0.0
2025-06-01 18:00,0.6212272502215418
2025-06-01 19:00,0.0
2025-06-01 20:00,0.39175453451683473
2025-06-01 21:00,0.0
2025-06-01 22:00,0.06326585959611543
2025-06-01 23:00,0.22549057611462148
2025-06-02 00:00,0.023539790739568234
2025-06-02 01:00,0.07349677799598717
2025-06-02 02:00,0.0
2025-06-02 03:00,0.0
2025-06-02 04:00,0.01062419336403023
2025-06-02 05:00,0.0
2025-06-02 06:00,0.05543714965771958
2025-06-02 07:00,0.0
2025-06-02 08:00,0.37634418167627093
2025-06-02 09:00,0.0
2025-06-02 10:00,2.303513255030255
2025-06-02 11:00,1.7310638527512194
2025-06-02 12:00,0.9632984668089822
2025-06-02 13:00,0.0
2025-06-02 14:00,0.0
2025-06-02 15:00,0.0
2025-06-02 16:00,0.0
2025-06-02 17:00,0.497498286766635
2025-06-02 18:00,0.4864850986554261
2025-06-02 19:00,1.0350748961378968
2025-06-02 20:00,1.1417517009314972
2025-06-02 21:00,1.8586841558795946
2025-06-02 22:00,2.203344886337137
2025-06-02 23:00,1.848416320800299
2025-06-03 00:00,3.6461711249668944
2025-06-03 01:00,3.243563337219701
2025-06-03 02:00,3.3611219015487417
2025-06-03 03:00,2.8121560103433625
2025-06-03 04:00,1.5377240687144327
2025-06-03 05:00,3.6170411229144235
2025-06-03 06:00,2.61877558173734
2025-06-03 07:00,2.27409052145568
2025-06-03 08:00,1.6632578102172497
2025-06-03 09:00,2.62974464671402
2025-06-03 10:00,1.8696174513342285
2025-06-03 11:00,1.286433787109421
2025-06-03 12:00,0.31164255309478844
2025-06-03 13:00,0.24874317044003308
2025-06-03 14:00,2.2791269780257637
2025-06-03 15:00,4.54200108810699
2025-06-03 16:00,2.712338781946594
2025-06-03 17:00,2.4117974559263797
2025-06-03 18:00,2.5951921124941753
2025-06-03 19:00,6.40739385129359
2025-06-03 20:00,6.72477890527493
2025-06-03 21:00,9.833261012416534
2025-06-03 22:00,12.431694233960911
2025-06-03 23:00,15.949511363570851
2025-06-04 00:00,19.292945861950162
2025-06-04 01:00,23.313035582951745
2025-06-04 02:00,23.61166914210781
2025-06-04 03:00,23.370140976976536
2025-06-04 04:00,21.14624060911692
2025-06-04 05:00,25.550720925914714
2025-06-04 06:00,26.547554999905785
2025-06-04 07:00,26.19153270014867
2025-06-04 08:00,20.846517265360344
2025-06-04 09:00,11.766120874480743
2025-06-04 10:00,4.614626919315054
2025-06-04 11:00,5.384808728298403
2025-06-04 12:00,4.201224739769635
2025-06-04 13:00,3.337235010136802
2025-06-04 14:00,4.271383618894529
2025-06-04 15:00,3.9009882030633736
2025-06-04 16:00,5.953645836363638
2025-06-04 17:00,6.372784485097295
2025-06-04 18:00,4.285297785891947
2025-06-04 19:00,5.453842344318799
2025-06-04 20:00,5.908567942437978
2025-06-04 21:00,4.64911950318025
2025-06-04 22:00,3.3040533316152447
2025-06-04 23:00,2.742932271154095
2025-06-05 00:00,2.0790709835955683
2025-06-05 01:00,2.0983600963356297
2025-06-05 02:00,5.517124921317152
2025-06-05 03:00,6.056903519326574
2025-06-05 04:00,6.107696740347162
2025-06-05 05:00,6.990015598885575
2025-06-05 06:00,6.10092178811932
2025-06-05 07:00,2.3460515940610995
2025-06-05 08:00,0.8316061130136141
2025-06-05 09:00,2.2397470037945637
2025-06-05 10:00,1.0350833398229635
2025-06-05 11:00,1.04729182037677
2025-06-05 12:00,2.991531744902274
2025-06-05 13:00,4.524188934580147
2025-06-05 14:00,5.633975436962697
2025-06-05 15:00,6.22843198510608
2025-06-05 16:00,6.9017747302369346
2025-06-05 17:00,5.91789562818506
2025-06-05 18:00,8.827387624639615
2025-06-05 19:00,13.364889219641535
2025-06-05 20:00,16.014965979201108
2025-06-05 21:00,18.36469740377293
2025-06-05 22:00,20.080175510300734
2025-06-05 23:00,20.056509095195153
2025-06-06 00:00,23.62622338428677
2025-06-06 01:00,23.190651940557938
2025-06-06 02:00,20.11253200397672
2025-06-06 03:00,17.94371449687424
2025-06-06 04:00,19.416384381656865
2025-06-06 05:00,14.540927616306844
2025-06-06 06:00,15.490100236507786
2025-06-06 07:00,18.918933948780545
2025-06-06 08:00,17.012611934506673
2025-06-06 09:00,17.10802188040282
2025-06-06 10:00,12.354139481154494
2025-06-06 11:00,12.15760981113486
2025-06-06 12:00,13.659277916555594
2025-06-06 13:00,13.84477916149951
2025-06-06 14:00,12.67841787206862
2025-06-06 15:00,12.689662652200681
2025-06-06 16:00,14.26154414214472
2025-06-06 17:00,12.069234843188772
2025-06-06 18:00,16.015045038744645
2025-06-06 19:00,10.291170329911147
2025-06-06 20:00,6.800916690362475
2025-06-06 21:00,7.438714898989862
2025-06-06 22:00,8.134426308742455
2025-06-06 23:00,7.253349239412761
2025-06-07 00:00,12.084121026162371
2025-06-07 01:00,11.078125883668303
2025-06-07 02:00,6.862209856922686
2025-06-07 03:00,7.587182229963322
2025-06-07 04:00,7.791391423256771
2025-06-07 05:00,6.45859545211707
2025-06-07 06:00,6.8925438999999455
2025-06-07 07:00,9.577681877770795
2025-06-07 08:00,9.620082139037207
2025-06-07 09:00,9.815828913881345
2025-06-07 10:00,11.402801095986947
2025-06-07 11:00,12.257432934335961
2025-06-07 12:00,13.198535059518834
2025-06-07 13:00,11.633785404903074
2025-06-07 14:00,7.0874541597386305
2025-06-07 15:00,4.609018517680926
2025-06-07 16:00,2.8263951251667696
2025-06-07 17:00,2.7162208807169423
2025-06-07 18:00,2.9632029591333455
2025-06-07 19:00,2.698509133502118
2025-06-07 20:00,0.9759457013456927
2025-06-07 21:00,0.4910678361061478
2025-06-07 22:00,0.40800584221770075
2025-06-07 23:00,0.1083448720075947
2025-06-08 00:00,0.0
2025-06-08 01:00,0.0
2025-06-08 02:00,0.0
2025-06-08 03:00,0.018283566174744217
2025-06-08 04:00,0.1937572104506493
2025-06-08 05:00,0.18348699882852573
2025-06-08 06:00,0.12586467591113956
2025-06-08 07:00,0.0
2025-06-08 08:00,0.0
2025-06-08 09:00,0.0
2025-06-08 10:00,0.0
2025-06-08 11:00,0.0
2025-06-08 12:00,0.0
2025-06-08 13:00,0.0
2025-06-08 14:00,0.33151895549567817
2025-06-08 15:00,0.7114228302535467
2025-06-08 16:00,0.0
2025-06-08 17:00,0.0
2025-06-08 18:00,0.0
2025-06-08 19:00,0.12153119921563009
2025-06-08 20:00,0.0
2025-06-08 21:00,0.0
2025-06-08 22:00,0.0
2025-06-08 23:00,1.6776802232805945
2025-06-09 00:00,1.0131515131446929
2025-06-09 01:00,0.0
2025-06-09 02:00,0.0
2025-06-09 03:00,0.0
2025-06-09 04:00,0.0
2025-06-09 05:00,0.6651137376001727
2025-06-09 06:00,2.2057242536264856
2025-06-09 07:00,0.6032656866185708
2025-06-09 08:00,0.01523785992997372
2025-06-09 09:00,0.0
2025-06-09 10:00,0.125389249078375
2025-06-09 11:00,0.0
2025-06-09 12:00,0.0
2025-06-09 13:00,0.08081312762288037
2025-06-09 14:00,0.16415137219050957
2025-06-09 15:00,0.0
2025-06-09 16:00,0.0038744819101554904
2025-06-09 17:00,0.0
2025-06-09 18:00,0.040836990104148596
2025-06-09 19:00,0.0
2025-06-09 20:00,0.0
2025-06-09 21:00,0.0
2025-06-09 22:00,0.0
2025-06-09 23:00,0.6733031466669442
2025-06-10 00:00,0.0
2025-06-10 01:00,0.049283958493768536
2025-06-10 02:00,1.557333163589867
2025-06-10 03:00,6.348030650203688
2025-06-10 04:00,7.3338319869329665
2025-06-10 05:00,6.0013295475379875
2025-06-10 06:00,2.9404598866384393
2025-06-10 07:00,1.6392815957882507
2025-06-10 08:00,0.0
2025-06-10 09:00,0.0
2025-06-10 10:00,0.0
2025-06-10 11:00,0.5341315501206849
2025-06-10 12:00,0.0
2025-06-10 13:00,0.0
2025-06-10 14:00,0.23916980035756846
2025-06-10 15:00,0.5843765657335261
2025-06-10 16:00,2.276302903817655
2025-06-10 17:00,0.571797656887799
2025-06-10 18:00,0.8275928975284604
2025-06-10 19:00,0.0
2025-06-10 20:00,0.0
2025-06-10 21:00,0.9958578317778356
2025-06-10 22:00,0.8740454819101283
2025-06-10 23:00,0.7129987305869809
2025-06-11 00:00,2.366292866507677
2025-06-11 01:00,1.9584626036075257
2025-06-11 02:00,1.154657222886675
2025-06-11 03:00,1.3440892135687195
2025-06-11 04:00,1.193233052699929
2025-06-11 05:00,1.001373889030315
2025-06-11 06:00,0.4713228153686837
2025-06-11 07:00,0.2957146049556153
2025-06-11 08:00,0.6272168790973123
2025-06-11 09:00,0.0
2025-06-11 10:00,0.0
2025-06-11 11:00,0.25021186428660697
2025-06-11 12:00,0.37322316688939555
2025-06-11 13:00,0.12278818515432804
2025-06-11 14:00,2.5356756993347367
2025-06-11 15:00,5.808238866278407
2025-06-11 16:00,5.7920660467407705
2025-06-11 17:00,3.4767612190438144
2025-06-11 18:00,2.181158046310706
2025-06-11 19:00,0.7336071822123754
2025-06-11 20:00,0.11437151626027592
2025-06-11 21:00,0.04809873796116189
2025-06-11 22:00,0.0
2025-06-11 23:00,0.4715193582250377
2025-06-12 00:00,2.2646047111935337
2025-06-12 01:00,3.2618123717998686
2025-06-12 02:00,2.061487467664913
2025-06-12 03:00,3.070808678326499
2025-06-12 04:00,1.0807419975947807
2025-06-12 05:00,0.0
2025-06-12 06:00,0.5106179441435477
2025-06-12 07:00,0.3124270699427911
2025-06-12 08:00,0.43721426685170867
2025-06-12 09:00,0.0
2025-06-12 10:00,0.0
2025-06-12 11:00,0.0
2025-06-12 12:00,0.0
2025-06-12 13:00,0.0
2025-06-12 14:00,0.0
2025-06-12 15:00,1.6321058726146374
2025-06-12 16:00,2.0626144761462313
2025-06-12 17:00,0.9784350464405464
2025-06-12 18:00,4.170114725646025
2025-06-12 19:00,5.778056955410872
2025-06-12 20:00,5.790221093284601
2025-06-12 21:00,3.2334191589338546
2025-06-12 22:00,1.5465158526022937
2025-06-12 23:00,1.375811441496522
2025-06-13 00:00,0.33573514565644447
2025-06-13 01:00,0.0
2025-06-13 02:00,0.0
2025-06-13 03:00,0.0
2025-06-13 04:00,0.10619195673133681
2025-06-13 05:00,0.16772282682324788
2025-06-13 06:00,0.2960639598225038
2025-06-13 07:00,0.0
2025-06-13 08:00,0.0
2025-06-13 09:00,0.0
2025-06-13 10:00,0.0
2025-06-13 11:00,0.0
2025-06-13 12:00,0.0
2025-06-13 13:00,0.0
2025-06-13 14:00,0.24158275821206254
2025-06-13 15:00,1.38895203409925
2025-06-13 16:00,1.477969066830889
2025-06-13 17:00,0.7970580891915725
2025-06-13 18:00,2.965072698093724
2025-06-13 19:00,4.085228836415425
2025-06-13 20:00,1.9124440428868272
2025-06-13 21:00,5.371711509454768
2025-06-13 22:00,6.956650300893916
2025-06-13 23:00,7.972207691024598
2025-06-14 00:00,4.50342730432146
2025-06-14 01:00,9.87848689032902
2025-06-14 02:00,11.706630027205653
2025-06-14 03:00,12.329762193474195
2025-06-14 04:00,14.660149801631835
2025-06-14 05:00,15.892721501273805
2025-06-14 06:00,15.494971016226849
2025-06-14 07:00,14.800960403483156
2025-06-14 08:00,10.403225386495508
2025-06-14 09:00,10.243829876833257
2025-06-14 10:00,14.193583250012964
2025-06-14 11:00,11.652388808745389
2025-06-14 12:00,10.425079771024192
2025-06-14 13:00,9.174881119812193
2025-06-14 14:00,4.155909428700383
2025-06-14 15:00,4.148431680092109
2025-06-14 16:00,1.907075415723306
2025-06-14 17:00,0.7451404198762789
2025-06-14 18:00,0.889740281851944
2025-06-14 19:00,0.8589938781210649
2025-06-14 20:00,2.630466820864078
2025-06-14 21:00,1.755853723166792
2025-06-14 22:00,1.779919212490727
2025-06-14 23:00,2.7275537680996487
2025-06-15 00:00,3.1349052852795505
2025-06-15 01:00,4.510585458386688
2025-06-15 02:00,3.9523816242345537
2025-06-15 03:00,3.8988590484893577
2025-06-15 04:00,4.3674203217281375
2025-06-15 05:00,5.871261661658999
2025-06-15 06:00,8.380021715517529
2025-06-15 07:00,5.34968657517205
2025-06-15 08:00,4.345179479289034
2025-06-15 09:00,5.170600566351022
2025-06-15 10:00,4.995462037990719
2025-06-15 11:00,11.994795072183791
2025-06-15 12:00,14.258512300134791
2025-06-15 13:00,12.9474070359043
2025-06-15 14:00,18.932810315171935
2025-06-15 15:00,30.385495443318575
2025-06-15 16:00,32.738142213638824
2025-06-15 17:00,33.703216237462215
2025-06-15 18:00,35.76983791793634
2025-06-15 19:00,36.35566237260262
2025-06-15 20:00,38.601127435446486
2025-06-15 21:00,40.11246383604323
2025-06-15 22:00,40.295630294690014
2025-06-15 23:00,40.42480906720664
2025-06-16 00:00,38.90068620249735
2025-06-16 01:00,40.09051897642217
2025-06-16 02:00,38.673075824965785
2025-06-16 03:00,41.02076578868694
2025-06-16 04:00,36.081589631123755
2025-06-16 05:00,35.03781028582462
2025-06-16 06:00,31.907529069622708
2025-06-16 07:00,34.564297162113945
2025-06-16 08:00,32.46158510477551
2025-06-16 09:00,36.10287563180211
2025-06-16 10:00,37.68091573609594
2025-06-16 11:00,38.820212091220554
2025-06-16 12:00,39.043772489657144
2025-06-16 13:00,38.839115493181154
2025-06-16 14:00,38.51500594640427
2025-06-16 15:00,39.15344567978079
2025-06-16 16:00,40.493111390309025
2025-06-16 17:00,42.00419160015532
2025-06-16 18:00,42.36048958269636
2025-06-16 19:00,42.558710068411244
2025-06-16 20:00,40.0272694836504
2025-06-16 21:00,40.085192396902414
2025-06-16 22:00,36.75428621334042
2025-06-16 23:00,32.18848627426253
2025-06-17 00:00,30.877880600130432
2025-06-17 01:00,33.38532006016033
2025-06-17 02:00,37.7097117521754
2025-06-17 03:00,38.63333533460793
2025-06-17 04:00,40.505859404418906
2025-06-17 05:00,40.41440060294131
2025-06-17 06:00,42.014985900397434
2025-06-17 07:00,41.39294797824084
2025-06-17 08:00,39.05965246649778
2025-06-17 09:00,37.49350926958448
2025-06-17 10:00,37.27353556216693
2025-06-17 11:00,32.15157203692782
2025-06-17 12:00,31.845455894011927
2025-06-17 13:00,30.32884887550239
2025-06-17 14:00,28.443407525107887
2025-06-17 15:00,28.798808497832994
2025-06-17 16:00,30.217394418117806
2025-06-17 17:00,30.58253051350818
2025-06-17 18:00,30.65568064820772
2025-06-17 19:00,26.538104077960057
2025-06-17 20:00,24.19664045675403
2025-06-17 21:00,20.95739848303851
2025-06-17 22:00,16.845383909982864
2025-06-17 23:00,15.640677717129028
2025-06-18 00:00,15.39799100106632
2025-06-18 01:00,14.041731826829393
2025-06-18 02:00,11.076436649728816
2025-06-18 03:00,11.187459319606972
2025-06-18 04:00,8.324278379694771
2025-06-18 05:00,5.2798097785581355
2025-06-18 06:00,5.374480702532283
2025-06-18 07:00,0.9777182785404628
2025-06-18 08:00,0.05961113395406007
2025-06-18 09:00,0.24420143983097545
2025-06-18 10:00,0.0
2025-06-18 11:00,0.0
2025-06-18 12:00,0.0
2025-06-18 13:00,2.080886010980715
2025-06-18 14:00,0.8662164187692202
2025-06-18 15:00,0.0
2025-06-18 16:00,0.0
2025-06-18 17:00,0.7427562441280054
2025-06-18 18:00,1.903646655388282
2025-06-18 19:00,1.9606787779825399
2025-06-18 20:00,1.5882926336372316
2025-06-18 21:00,2.1121899364776096
2025-06-18 22:00,2.817062784838465
2025-06-18 23:00,2.8816409046638483
2025-06-19 00:00,3.257791846786381
2025-06-19 01:00,3.998182167291515
2025-06-19 02:00,3.742843367540066
2025-06-19 03:00,5.159869742392651
2025-06-19 04:00,1.3071037217750074
2025-06-19 05:00,1.0175078171608227
2025-06-19 06:00,0.8242941405277303
2025-06-19 07:00,0.6585865398950499
2025-06-19 08:00,0.7822938104019442
2025-06-19 09:00,4.05473902718015
2025-06-19 10:00,5.007600120131996
2025-06-19 11:00,4.549140250200483
2025-06-19 12:00,0.4272012208344256
2025-06-19 13:00,1.8823076075412377
2025-06-19 14:00,2.0607234063391027
2025-06-19 15:00,1.6028784959725646
2025-06-19 16:00,6.189661938873236
2025-06-19 17:00,7.607353778853028
2025-06-19 18:00,9.519379383561683
2025-06-19 19:00,14.157987184911176
2025-06-19 20:00,14.406226527331878
2025-06-19 21:00,18.61742449046067
2025-06-19 22:00,19.450039203351675
2025-06-19 23:00,23.861449346563123
2025-06-20 00:00,27.17125742531562
2025-06-20 01:00,29.539237871524122
2025-06-20 02:00,27.689181147584193
2025-06-20 03:00,27.015080390705414
2025-06-20 04:00,30.553656377658797
2025-06-20 05:00,32.226341910842464
2025-06-20 06:00,35.55891192938847
2025-06-20 07:00,40.31042812287649
2025-06-20 08:00,40.512067604581674
2025-06-20 09:00,44.967417161602285
2025-06-20 10:00,48.58278528893311
2025-06-20 11:00,48.56583707422993
2025-06-20 12:00,52.089217412587075
2025-06-20 13:00,50.62318505157471
2025-06-20 14:00,51.60533873384939
2025-06-20 15:00,54.15868173548215
2025-06-20 16:00,56.614698365065564
2025-06-20 17:00,55.44448266563991
2025-06-20 18:00,53.88312416875736
2025-06-20 19:00,53.14886355815081
2025-06-20 20:00,53.07852620434673
2025-06-20 21:00,52.16314758433289
2025-06-20 22:00,53.03726977650844
2025-06-20 23:00,51.73792599493659
2025-06-21 00:00,49.014364845743735
2025-06-21 01:00,47.984481205657495
2025-06-21 02:00,42.69902879642722
2025-06-21 03:00,42.514390996803805
2025-06-21 04:00,41.56589355695822
2025-06-21 05:00,42.81065507065517
2025-06-21 06:00,35.89456984620445
2025-06-21 07:00,37.945384378703935
2025-06-21 08:00,37.025711275231785
2025-06-21 09:00,35.93643394114255
2025-06-21 10:00,35.96079018949946
2025-06-21 11:00,34.202901214283386
2025-06-21 12:00,34.83875196303978
2025-06-21 13:00,35.0092158471826
2025-06-21 14:00,31.00910913536769
2025-06-21 15:00,32.13400181973384
2025-06-21 16:00,30.30841363059015
2025-06-21 17:00,22.255371408551053
2025-06-21 18:00,15.549454941093163
2025-06-21 19:00,10.834496277047842
2025-06-21 20:00,2.731124025351368
2025-06-21 21:00,1.6990247249776398
2025-06-21 22:00,0.06952879202100042
2025-06-21 23:00,0.0
2025-06-22 00:00,2.9258815678760497
2025-06-22 01:00,0.5645346326664834
2025-06-22 02:00,1.2398663556329523
2025-06-22 03:00,1.066731691547457
2025-06-22 04:00,0.6765595340000441
2025-06-22 05:00,0.8093856308073658
2025-06-22 06:00,0.2489748676608376
2025-06-22 07:00,0.81346106585432
2025-06-22 08:00,0.5088640702218139
2025-06-22 09:00,0.0
2025-06-22 10:00,0.0
2025-06-22 11:00,0.0
2025-06-22 12:00,0.0
2025-06-22 13:00,0.0
2025-06-22 14:00,0.0
2025-06-22 15:00,0.0
2025-06-22 16:00,0.0
2025-06-22 17:00,0.0
2025-06-22 18:00,0.0
2025-06-22 19:00,0.0
2025-06-22 20:00,0.0
2025-06-22 21:00,0.0
2025-06-22 22:00,0.0
2025-06-22 23:00,0.0
2025-06-23 00:00,0.0
2025-06-23 01:00,0.29229909941215076
2025-06-23 02:00,0.026510584013891194
2025-06-23 03:00,0.22844950445589385
2025-06-23 04:00,0.2690489414352715
2025-06-23 05:00,0.5572483298238303
2025-06-23 06:00,0.13401652732718014
2025-06-23 07:00,0.0
2025-06-23 08:00,0.4945311983158062
2025-06-23 09:00,0.0
2025-06-23 10:00,0.0
2025-06-23 11:00,0.05912896137092533
2025-06-23 12:00,0.5882311262400425
2025-06-23 13:00,1.3391563820688457
2025-06-23 14:00,1.4721713863633388
2025-06-23 15:00,1.8181923655054493
2025-06-23 16:00,2.080303622489127
2025-06-23 17:00,2.6116076086957034
2025-06-23 18:00,2.630630394250448
2025-06-23 19:00,3.4850161052423316
2025-06-23 20:00,2.656866363578137
2025-06-23 21:00,2.7729962326127198
2025-06-23 22:00,4.746907184215877
2025-06-23 23:00,4.619069868523097
2025-06-24 00:00,6.890142562833335
2025-06-24 01:00,2.46253157586895
2025-06-24 02:00,2.7656560606851963
2025-06-24 03:00,2.091462963631636
2025-06-24 04:00,2.032983206801933
2025-06-24 05:00,3.1493244985957864
2025-06-24 06:00,2.844954279073685
2025-06-24 07:00,1.660967011232581
2025-06-24 08:00,0.7140639812248714
2025-06-24 09:00,0.7145857180644755
2025-06-24 10:00,0.2549163679811385
2025-06-24 11:00,0.2685321514705032
2025-06-24 12:00,0.35865574721145926
2025-06-24 13:00,1.1381334911717427
2025-06-24 14:00,0.0
2025-06-24 15:00,0.0
2025-06-24 16:00,0.0
2025-06-24 17:00,0.0
2025-06-24 18:00,0.0
2025-06-24 19:00,0.26033122958042454
2025-06-24 20:00,0.4237060467141257
2025-06-24 21:00,0.35580757975742794
2025-06-24 22:00,0.5614203110786853
2025-06-24 23:00,1.032991406230383
2025-06-25 00:00,0.3468376272001675
2025-06-25 01:00,0.10206686363596683
2025-06-25 02:00,0.0983566735583609
2025-06-25 03:00,0.0
2025-06-25 04:00,0.0
2025-06-25 05:00,1.0735509372073233
2025-06-25 06:00,2.5315878775079734
2025-06-25 07:00,4.28735662389508
2025-06-25 08:00,3.105840796371813
2025-06-25 09:00,6.043807567750148
2025-06-25 10:00,9.23116371963247
2025-06-25 11:00,9.379090452330159
2025-06-25 12:00,8.928942894305198
2025-06-25 13:00,9.472507934970919
2025-06-25 14:00,9.118465132521283
2025-06-25 15:00,11.217096533912473
2025-06-25 16:00,13.330823374797268
2025-06-25 17:00,15.638120454481406
2025-06-25 18:00,16.610820450571662
2025-06-25 19:00,16.28537442394199
2025-06-25 20:00,20.861246107656356
2025-06-25 21:00,17.745940110938065
2025-06-25 22:00,16.031939323242792
2025-06-25 23:00,16.486534040932764
2025-06-26 00:00,14.762604918798784
2025-06-26 01:00,11.643195130380542
2025-06-26 02:00,14.149213255712755
2025-06-26 03:00,12.022388817209794
2025-06-26 04:00,11.74041999154537
2025-06-26 05:00,9.29869862461442
2025-06-26 06:00,6.718175846672052
2025-06-26 07:00,5.8386043362137405
2025-06-26 08:00,3.5999624666754886
2025-06-26 09:00,1.9831414646653727
2025-06-26 10:00,0.0
2025-06-26 11:00,0.0
2025-06-26 12:00,0.10588074910329504
2025-06-26 13:00,0.0
2025-06-26 14:00,0.0
2025-06-26 15:00,0.0
2025-06-26 16:00,0.0
2025-06-26 17:00,0.0
2025-06-26 18:00,0.0
2025-06-26 19:00,0.0
2025-06-26 20:00,0.0
2025-06-26 21:00,0.0
2025-06-26 22:00,0.3068117925390635
2025-06-26 23:00,0.05814434536229738
2025-06-27 00:00,0.10260316773359429
2025-06-27 01:00,0.2976881304900274
2025-06-27 02:00,0.0
2025-06-27 03:00,0.0
2025-06-27 04:00,0.0
2025-06-27 05:00,0.0
2025-06-27 06:00,0.01039341325518559
2025-06-27 07:00,0.9203163587095883
2025-06-27 08:00,0.03262558242055166
2025-06-27 09:00,0.0
2025-06-27 10:00,0.0
2025-06-27 11:00,0.0
2025-06-27 12:00,0.0
2025-06-27 13:00,0.0
2025-06-27 14:00,0.0
2025-06-27 15:00,0.0
2025-06-27 16:00,0.0
2025-06-27 17:00,0.7082025210160346
2025-06-27 18:00,1.778536154453345
2025-06-27 19:00,1.4978556127284859
2025-06-27 20:00,1.5673592411388593
2025-06-27 21:00,2.133228223069288
2025-06-27 22:00,3.37891568740717
2025-06-27 23:00,4.554030994881795
2025-06-28 00:00,4.423231472186945
2025-06-28 01:00,5.543119035493347
2025-06-28 02:00,4.553024764234092
2025-06-28 03:00,5.274879727332408
2025-06-28 04:00,5.583104595124768
2025-06-28 05:00,4.732187702874837
2025-06-28 06:00,5.278257448203941
2025-06-28 07:00,5.232612312799879
2025-06-28 08:00,4.78564184594839
2025-06-28 09:00,7.566080115554063
2025-06-28 10:00,8.629549005447146
2025-06-28 11:00,7.556031600930019
2025-06-28 12:00,8.944971542895892
2025-06-28 13:00,9.35041505645884
2025-06-28 14:00,9.191199527621082
2025-06-28 15:00,5.705230642762549
2025-06-28 16:00,7.533956898397689
2025-06-28 17:00,9.396408314360002
2025-06-28 18:00,10.502266706508337
2025-06-28 19:00,13.599945112210236
2025-06-28 20:00,11.98087349643818
2025-06-28 21:00,11.385641315469973
2025-06-28 22:00,10.256069984635769
2025-06-28 23:00,10.288451823409622
2025-06-29 00:00,10.346163314150111
2025-06-29 01:00,9.068009358299161
2025-06-29 02:00,9.129911549269398
2025-06-29 03:00,8.309843431732816
2025-06-29 04:00,4.285486270593596
2025-06-29 05:00,3.1750289336828614
2025-06-29 06:00,2.6023202345913945
2025-06-29 07:00,3.2063351584249413
2025-06-29 08:00,6.019680856230058
2025-06-29 09:00,3.9447907664963826
2025-06-29 10:00,5.198675419404397
2025-06-29 11:00,7.47259909800325
2025-06-29 12:00,8.285537882643043
2025-06-29 13:00,6.25371657138181
2025-06-29 14:00,9.166797958730369
2025-06-29 15:00,8.036103678805846
2025-06-29 16:00,7.74037243272984
2025-06-29 17:00,9.457702511607716
2025-06-29 18:00,11.211142557663331
2025-06-29 19:00,10.833863907448066
2025-06-29 20:00,8.968447704041312
2025-06-29 21:00,7.086204716596627
2025-06-29 22:00,7.160924076716905
2025-06-29 23:00,5.828629927732919
2025-06-30 00:00,1.4468873292804711
2025-06-30 01:00,1.950299147018582
2025-06-30 02:00,1.4004165111653952
2025-06-30 03:00,0.768728760246821
2025-06-30 04:00,0.740880494127337
2025-06-30 05:00,0.9130363644217366
2025-06-30 06:00,0.7217504592320649
2025-06-30 07:00,0.27301897901631667
2025-06-30 08:00,0.33291841917902143
2025-06-30 09:00,0.09874874087018884
2025-06-30 10:00,2.7120518832965934
2025-06-30 11:00,2.166402996828207
2025-06-30 12:00,3.0029255745902694
2025-06-30 13:00,3.846678153177804
2025-06-30 14:00,0.730075824987492
2025-06-30 15:00,2.874725099224285
2025-06-30 16:00,5.598563562345609
2025-06-30 17:00,5.693538546994194
2025-06-30 18:00,6.78902808672694
2025-06-30 19:00,4.319109946240633
2025-06-30 20:00,2.7022652873674375
2025-06-30 21:00,1.8869395929783594
2025-06-30 22:00,1.7057047404989734
2025-06-30 23:00,2.167285601295552
2025-07-01 00:00,1.2394576162425772
2025-07-01 01:00,1.7926823176745996
2025-07-01 02:00,3.3140991293546582
2025-07-01 03:00,2.1401487337492493
2025-07-01 04:00,4.202917819002648
2025-07-01 05:00,5.074925965374661
2025-07-01 06:00,1.7580720103667933
2025-07-01 07:00,4.904453570960103
2025-07-01 08:00,4.797231073415957
2025-07-01 09:00,5.36463498782586
2025-07-01 10:00,4.029908737672959
2025-07-01 11:00,2.695391150749592
2025-07-01 12:00,4.792073340920777
2025-07-01 13:00,0.2991352434070785
2025-07-01 14:00,0.2933574458564471
2025-07-01 15:00,0.5775488495386417
2025-07-01 16:00,2.091688902095338
2025-07-01 17:00,3.054014842494992
2025-07-01 18:00,3.505010517206879
2025-07-01 19:00,3.251320772378159
2025-07-01 20:00,2.8250736997345496
2025-07-01 21:00,3.503391058606193
2025-07-01 22:00,3.251771773306889
2025-07-01 23:00,6.4176388903225785
2025-07-02 00:00,6.515553119541852
2025-07-02 01:00,8.887324700868215
2025-07-02 02:00,6.724494279813567
2025-07-02 03:00,7.6657639007535385
2025-07-02 04:00,7.819280510916598
2025-07-02 05:00,5.165377612302365
2025-07-02 06:00,6.35436364360918
2025-07-02 07:00,5.7553064999514705
2025-07-02 08:00,9.133332004444929
2025-07-02 09:00,9.164880129612245
2025-07-02 10:00,10.73424613281769
2025-07-02 11:00,7.616772509216876
2025-07-02 12:00,7.188389576174836
2025-07-02 13:00,5.039570639690309
2025-07-02 14:00,4.180991370883264
2025-07-02 15:00,0.3992497140957622
2025-07-02 16:00,2.2180110064503933
2025-07-02 17:00,4.39366518674332
2025-07-02 18:00,6.745468508219575
2025-07-02 19:00,7.0061895535788965
2025-07-02 20:00,6.516264480248204
2025-07-02 21:00,5.590502707905763
2025-07-02 22:00,6.9621826842183605
2025-07-02 23:00,6.04218037351014
2025-07-03 00:00,7.320107486167688
2025-07-03 01:00,6.780569932440627
2025-07-03 02:00,8.782948843378573
2025-07-03 03:00,6.529196164424191
2025-07-03 04:00,9.00083711130436
2025-07-03 05:00,8.870404913493585
2025-07-03 06:00,8.824982342558682
2025-07-03 07:00,6.02947412801792
2025-07-03 08:00,9.008577170576162
2025-07-03 09:00,8.085893037361517
2025-07-03 10:00,6.211066776163611
2025-07-03 11:00,5.920945746423088
2025-07-03 12:00,6.293122205529899
2025-07-03 13:00,6.422223718619662
2025-07-03 14:00,4.974972408415745
2025-07-03 15:00,4.267307618906633
2025-07-03 16:00,6.18625427080487
2025-07-03 17:00,7.425752103711064
2025-07-03 18:00,9.584960570202623
2025-07-03 19:00,11.634620682238092
2025-07-03 20:00,10.430942329961441
2025-07-03 21:00,11.722117598317688
2025-07-03 22:00,11.936343532172657
2025-07-03 23:00,13.333328360956601
2025-07-04 00:00,13.131404146338069
2025-07-04 01:00,15.417224073152894
2025-07-04 02:00,18.02371060812884
2025-07-04 03:00,21.847683531315663
2025-07-04 04:00,22.597711313025957
2025-07-04 05:00,26.40745551400398
2025-07-04 06:00,28.36431825786431
2025-07-04 07:00,29.640029708422425
2025-07-04 08:00,28.766169844883297
2025-07-04 09:00,25.531807840043495
2025-07-04 10:00,27.0403755506937
2025-07-04 11:00,20.79888153476428
2025-07-04 12:00,15.786898851437131
2025-07-04 13:00,16.182640560628325
2025-07-04 14:00,15.092256203091376
2025-07-04 15:00,19.606181426778836
2025-07-04 16:00,19.250537959062374
2025-07-04 17:00,19.662274481603312
2025-07-04 18:00,23.085899075686932
2025-07-04 19:00,19.52425769867726
2025-07-04 20:00,22.293458548592007
2025-07-04 21:00,22.088650123062795
2025-07-04 22:00,20.0984514370222
2025-07-04 23:00,20.04947729626661
2025-07-05 00:00,18.777995866523504
2025-07-05 01:00,17.434642411384573
2025-07-05 02:00,17.530172424129447
2025-07-05 03:00,16.758743541851338
2025-07-05 04:00,18.31098242039528
2025-07-05 05:00,20.307689762923637
2025-07-05 06:00,19.63149975412897
2025-07-05 07:00,20.46560526493921
2025-07-05 08:00,21.183199300437373
2025-07-05 09:00,20.368444580309916
2025-07-05 10:00,21.374789986379906
2025-07-05 11:00,14.947413361363646
2025-07-05 12:00,12.621941742479956
2025-07-05 13:00,12.938751402416747
2025-07-05 14:00,11.925551762861724
2025-07-05 15:00,12.85055275626524
2025-07-05 16:00,13.01718762764783
2025-07-05 17:00,12.277953679002264
2025-07-05 18:00,17.3225692337975
2025-07-05 19:00,17.178927625395243
2025-07-05 20:00,16.346328424920742
2025-07-05 21:00,16.38365755065926
2025-07-05 22:00,16.456597077952548
2025-07-05 23:00,14.993902687910108
2025-07-06 00:00,15.239038403261553
2025-07-06 01:00,16.206955600151417
2025-07-06 02:00,15.802207122742427
2025-07-06 03:00,15.984253611963751
2025-07-06 04:00,16.454210210572114
2025-07-06 05:00,16.4425561777587
2025-07-06 06:00,14.972123241953723
2025-07-06 07:00,11.498013112859038
2025-07-06 08:00,10.595665195472439
2025-07-06 09:00,10.500523377415867
2025-07-06 10:00,9.69295974879205
2025-07-06 11:00,7.185014118221321
2025-07-06 12:00,7.280174034718458
2025-07-06 13:00,8.518960158942052
2025-07-06 14:00,9.31639884570889
2025-07-06 15:00,6.94183464173463
2025-07-06 16:00,6.768570141688214
2025-07-06 17:00,6.1886598154213655
2025-07-06 18:00,8.078674531148932
2025-07-06 19:00,11.905260817528227
2025-07-06 20:00,11.769008233972093
2025-07-06 21:00,11.695803402763993
2025-07-06 22:00,12.60573836989464
2025-07-06 23:00,10.917575602210041
2025-07-07 00:00,10.033782443826954
2025-07-07 01:00,8.892438669094489
2025-07-07 02:00,9.41736522041991
2025-07-07 03:00,9.500615791380234
2025-07-07 04:00,6.653550428368737
2025-07-07 05:00,6.185195160275234
2025-07-07 06:00,4.53550803188992
2025-07-07 07:00,1.2069684772951565
2025-07-07 08:00,0.7236619357308863
2025-07-07 09:00,0.3872804360248288
2025-07-07 10:00,0.0
2025-07-07 11:00,0.09524807103181933
2025-07-07 12:00,0.49793058185031935
2025-07-07 13:00,0.0
2025-07-07 14:00,0.2405774926943916
2025-07-07 15:00,0.0
2025-07-07 16:00,0.3749892036074763
2025-07-07 17:00,0.1655324367581249
2025-07-07 18:00,0.7123723644426216
2025-07-07 19:00,0.09883609310204508
2025-07-07 20:00,0.18131075222422915
2025-07-07 21:00,0.15089782432790672
2025-07-07 22:00,0.6763914455327383
2025-07-07 23:00,1.2958385325137298
2025-07-08 00:00,2.024174083664062
2025-07-08 01:00,3.1015031636460626
2025-07-08 02:00,2.61186254729236
2025-07-08 03:00,4.042432505344104
2025-07-08 04:00,2.76842281383795
2025-07-08 05:00,2.627977139556258
2025-07-08 06:00,0.8747118621247962
2025-07-08 07:00,0.4417942441940369
2025-07-08 08:00,0.0
2025-07-08 09:00,0.0
2025-07-08 10:00,0.0
2025-07-08 11:00,0.0
2025-07-08 12:00,0.051388326499508315
2025-07-08 13:00,0.340488638869596
2025-07-08 14:00,2.1538324693185884
2025-07-08 15:00,1.0616716060985043
2025-07-08 16:00,1.6260130515543105
2025-07-08 17:00,2.1887599830590676
2025-07-08 18:00,1.9681844632005299
2025-07-08 19:00,2.4389941747811696
2025-07-08 20:00,3.6594070205152263
2025-07-08 21:00,4.130160808868563
2025-07-08 22:00,3.7990597589487725
2025-07-08 23:00,3.3943367824691513
2025-07-09 00:00,3.3833308870810215
2025-07-09 01:00,3.121710109684123
2025-07-09 02:00,0.8807463022206778
2025-07-09 03:00,0.8383568056782305
2025-07-09 04:00,0.5986285779443534
2025-07-09 05:00,0.9574085811920369
2025-07-09 06:00,0.17988988895098562
2025-07-09 07:00,0.0
2025-07-09 08:00,0.0
2025-07-09 09:00,0.0
2025-07-09 10:00,0.0
2025-07-09 11:00,0.0
2025-07-09 12:00,0.0
2025-07-09 13:00,0.0
2025-07-09 14:00,0.0
2025-07-09 15:00,0.0
2025-07-09 16:00,1.0716727360975102
2025-07-09 17:00,2.2322378658451165
2025-07-09 18:00,2.070054695626006
2025-07-09 19:00,1.30279028678668
2025-07-09 20:00,1.646428876595651
2025-07-09 21:00,0.28753470377856
2025-07-09 22:00,0.2207980515817693
2025-07-09 23:00,1.5064100352458298
2025-07-10 00:00,0.0
2025-07-10 01:00,0.3834085936603899
2025-07-10 02:00,0.4146206593093578
2025-07-10 03:00,0.09896573729188578
2025-07-10 04:00,1.3486479403788991
2025-07-10 05:00,1.5883231522329908
2025-07-10 06:00,2.3111776743344454
2025-07-10 07:00,2.087620784416759
2025-07-10 08:00,1.3982455734865642
2025-07-10 09:00,2.637808624033028
2025-07-10 10:00,0.0
2025-07-10 11:00,0.006539848491344368
2025-07-10 12:00,0.734215478731522
2025-07-10 13:00,1.981907682302109
2025-07-10 14:00,3.425673783042971
2025-07-10 15:00,1.5456483433794077
2025-07-10 16:00,2.892910112732372
2025-07-10 17:00,3.2760152505555005
2025-07-10 18:00,5.214442260756518
2025-07-10 19:00,4.956217314469321
2025-07-10 20:00,5.182675119785411
2025-07-10 21:00,3.9670936326431225
2025-07-10 22:00,3.9790962711102202
2025-07-10 23:00,3.9020255287591206
2025-07-11 00:00,4.04764536654766
2025-07-11 01:00,7.239412432991416
2025-07-11 02:00,8.819291936193865
2025-07-11 03:00,9.302339165809206
2025-07-11 04:00,8.424857256506526
2025-07-11 05:00,8.820054032390768
2025-07-11 06:00,9.336174958473219
2025-07-11 07:00,8.146714957594975
2025-07-11 08:00,4.640468980698121
2025-07-11 09:00,0.6663228652368003
2025-07-11 10:00,0.0
2025-07-11 11:00,0.0
2025-07-11 12:00,0.0
2025-07-11 13:00,0.0
2025-07-11 14:00,0.0
2025-07-11 15:00,0.5174178443593787
2025-07-11 16:00,1.8285394220817655
2025-07-11 17:00,2.64902181627358
2025-07-11 18:00,3.6854461454164764
2025-07-11 19:00,4.238138890325803
2025-07-11 20:00,5.9651437617494025
2025-07-11 21:00,6.420931202620697
2025-07-11 22:00,5.253209658724902
2025-07-11 23:00,4.701244971510719
2025-07-12 00:00,3.073430704178998
2025-07-12 01:00,2.7075443349228094
2025-07-12 02:00,3.7303978263325073
2025-07-12 03:00,3.8687106696875833
2025-07-12 04:00,3.7348278694248616
2025-07-12 05:00,3.696397834918685
2025-07-12 06:00,3.719761686624025
2025-07-12 07:00,1.7269253008029792
2025-07-12 08:00,1.0876372732961501
2025-07-12 09:00,0.0
2025-07-12 10:00,0.0
2025-07-12 11:00,0.0
2025-07-12 12:00,0.0
2025-07-12 13:00,0.05317699191295534
2025-07-12 14:00,0.3797685629362312
2025-07-12 15:00,1.3931493147924428
2025-07-12 16:00,1.2866813688605532
2025-07-12 17:00,1.324581360421748
2025-07-12 18:00,0.36314848878454414
2025-07-12 19:00,0.0
2025-07-12 20:00,0.13834373293929045
2025-07-12 21:00,0.26803068850750444
2025-07-12 22:00,0.3274472068805788
2025-07-12 23:00,0.16021167282126375
2025-07-13 00:00,1.3539512351711251
2025-07-13 01:00,0.9613334256903547
2025-07-13 02:00,0.17645224405170806
2025-07-13 03:00,0.27034890201380885
2025-07-13 04:00,0.0
2025-07-13 05:00,0.0
2025-07-13 06:00,0.0
2025-07-13 07:00,0.0
2025-07-13 08:00,0.18816180099110602
2025-07-13 09:00,0.0
2025-07-13 10:00,0.0
2025-07-13 11:00,0.0
2025-07-13 12:00,0.0
2025-07-13 13:00,0.0
2025-07-13 14:00,0.0
2025-07-13 15:00,0.0
2025-07-13 16:00,0.0
2025-07-13 17:00,0.0
2025-07-13 18:00,0.0
2025-07-13 19:00,0.0
2025-07-13 20:00,0.0
2025-07-13 21:00,0.31595368537820206
2025-07-13 22:00,0.34111254384711104
2025-07-13 23:00,1.672271569907621
2025-07-14 00:00,1.4820718933883372
2025-07-14 01:00,1.463578520997803
2025-07-14 02:00,1.541638758087999
2025-07-14 03:00,0.7762023106279928
2025-07-14 04:00,0.3485670679809673
2025-07-14 05:00,2.0357928379579895
2025-07-14 06:00,2.586821319955454
2025-07-14 07:00,2.992341183747349
2025-07-14 08:00,1.6654923380972269
2025-07-14 09:00,2.2534342989185743
2025-07-14 10:00,0.693378137365789
2025-07-14 11:00,0.0
2025-07-14 12:00,0.7341717707296468
2025-07-14 13:00,0.346786104853017
2025-07-14 14:00,6.177714384959241
2025-07-14 15:00,3.519848151732304
2025-07-14 16:00,5.39539483870937
2025-07-14 17:00,7.349016995313382
2025-07-14 18:00,3.654354328872111
2025-07-14 19:00,8.922359127224558
2025-07-14 20:00,6.5087071576787245
2025-07-14 21:00,3.357148885263588
2025-07-14 22:00,5.875263891232766
2025-07-14 23:00,4.199273933728474
2025-07-15 00:00,4.850856639891641
2025-07-15 01:00,7.104701310603654
2025-07-15 02:00,5.6403995602903665
2025-07-15 03:00,8.309675635576886
2025-07-15 04:00,5.481609375314639
2025-07-15 05:00,8.157293623837443
2025-07-15 06:00,10.248024646514635
2025-07-15 07:00,11.940639575234204
2025-07-15 08:00,16.956132043610616
2025-07-15 09:00,20.87402575899805
2025-07-15 10:00,14.69569466410919
2025-07-15 11:00,15.11237067939973
2025-07-15 12:00,12.440069828409817
2025-07-15 13:00,15.24044049091404
2025-07-15 14:00,9.322701277980158
2025-07-15 15:00,3.725249359726637
2025-07-15 16:00,4.6047718366341055
2025-07-15 17:00,3.2530725214769727
2025-07-15 18:00,7.361198243201461
2025-07-15 19:00,10.230131945747955
2025-07-15 20:00,13.523324186113769
2025-07-15 21:00,16.2345663203873
2025-07-15 22:00,18.74438848682346
2025-07-15 23:00,24.18627937217947
2025-07-16 00:00,27.64573051916076
2025-07-16 01:00,30.367144701175775
2025-07-16 02:00,23.826382043463777
2025-07-16 03:00,23.33543570988963
2025-07-16 04:00,22.83522352176066
2025-07-16 05:00,19.624447928857776
2025-07-16 06:00,20.18389639793004
2025-07-16 07:00,18.520333564254305
2025-07-16 08:00,19.339718069256257
2025-07-16 09:00,21.5736591443729
2025-07-16 10:00,22.976104459918428
2025-07-16 11:00,20.47588083043914
2025-07-16 12:00,26.02058854844864
2025-07-16 13:00,27.375603392940278
2025-07-16 14:00,26.4014617608038
2025-07-16 15:00,23.918932002811182
2025-07-16 16:00,23.47838943601389
2025-07-16 17:00,28.349460679995442
2025-07-16 18:00,30.16228553340977
2025-07-16 19:00,36.34322861016578
2025-07-16 20:00,38.8956182233277
2025-07-16 21:00,43.65939754963068
2025-07-16 22:00,45.930344839846526
2025-07-16 23:00,47.291047019538155
2025-07-17 00:00,48.904892253615124
2025-07-17 01:00,49.90353059294234
2025-07-17 02:00,50.13567173929278
2025-07-17 03:00,48.74401626905961
2025-07-17 04:00,48.13281977459966
2025-07-17 05:00,47.291322812694105
2025-07-17 06:00,47.128051979570685
2025-07-17 07:00,46.8154316005682
2025-07-17 08:00,45.08473864098302
2025-07-17 09:00,38.30257102698884
2025-07-17 10:00,36.223678664916605
2025-07-17 11:00,31.631795268209206
2025-07-17 12:00,31.185028982044596
2025-07-17 13:00,26.227906302079543
2025-07-17 14:00,26.340647093935438
2025-07-17 15:00,23.02134717875017
2025-07-17 16:00,29.179651516384315
2025-07-17 17:00,34.112097058148365
2025-07-17 18:00,41.05985364339257
2025-07-17 19:00,43.694269072382426
2025-07-17 20:00,47.398157553807536
2025-07-17 21:00,45.178422791093496
2025-07-17 22:00,42.60228748095861
2025-07-17 23:00,47.542185103659406
2025-07-18 00:00,43.019621343698326
2025-07-18 01:00,40.39611448516758
2025-07-18 02:00,43.84003554191441
2025-07-18 03:00,39.61757401626952
2025-07-18 04:00,40.3847339175237
2025-07-18 05:00,37.622832947517566
2025-07-18 06:00,36.41150696699627
2025-07-18 07:00,34.85249327195278
2025-07-18 08:00,31.832826114750972
2025-07-18 09:00,30.124004110555855
2025-07-18 10:00,20.127805114538088
2025-07-18 11:00,12.744493878321128
2025-07-18 12:00,5.41652503336084
2025-07-18 13:00,7.4424742644547175
2025-07-18 14:00,1.7249105395588358
2025-07-18 15:00,3.7908095964056847
2025-07-18 16:00,3.004779342640273
2025-07-18 17:00,1.2783350727336726
2025-07-18 18:00,2.8699107015772376
2025-07-18 19:00,3.0823387895770016
2025-07-18 20:00,1.1322711960544818
2025-07-18 21:00,1.2506018588927648
2025-07-18 22:00,5.460010824830249
2025-07-18 23:00,7.4074040212596275
2025-07-19 00:00,11.317024458223482
2025-07-19 01:00,12.508951957975373
2025-07-19 02:00,14.075374090686726
2025-07-19 03:00,17.847838524826237
2025-07-19 04:00,17.106538296728317
2025-07-19 05:00,18.437696019261367
2025-07-19 06:00,22.2701983392966
2025-07-19 07:00,19.171741495298985
2025-07-19 08:00,19.34535250505468
2025-07-19 09:00,20.02170605665219
2025-07-19 10:00,20.940422561749628
2025-07-19 11:00,23.3657483864645
2025-07-19 12:00,24.571109370532376
2025-07-19 13:00,24.798402143575817
2025-07-19 14:00,21.953975992248196
2025-07-19 15:00,24.37415775408072
2025-07-19 16:00,28.879347872819945
2025-07-19 17:00,25.597196426646754
2025-07-19 18:00,21.6678969609733
2025-07-19 19:00,16.97957216274275
2025-07-19 20:00,18.941511828522366
2025-07-19 21:00,17.783869950630027
2025-07-19 22:00,17.149604880966788
2025-07-19 23:00,14.493170353225695
2025-07-20 00:00,17.000384211729763
2025-07-20 01:00,16.412946289752973
2025-07-20 02:00,14.170528058294247
2025-07-20 03:00,15.573548764783068
2025-07-20 04:00,16.720138597085576
2025-07-20 05:00,16.365235072099903
2025-07-20 06:00,18.7625310944675
2025-07-20 07:00,20.731938635568174
2025-07-20 08:00,14.764737002510373
2025-07-20 09:00,13.334724168876708
2025-07-20 10:00,13.315080650190628
2025-07-20 11:00,7.069328894428489
2025-07-20 12:00,7.739933579566081
2025-07-20 13:00,5.58664931557329
2025-07-20 14:00,3.327965118920083
2025-07-20 15:00,4.530164447608797
2025-07-20 16:00,4.63740553704941
2025-07-20 17:00,3.982308337240124
2025-07-20 18:00,4.479030352650639
2025-07-20 19:00,8.397942087289929
2025-07-20 20:00,10.5300709066009
2025-07-20 21:00,11.0743694753064
2025-07-20 22:00,13.862972536300514
2025-07-20 23:00,15.380241072150575
2025-07-21 00:00,10.668096339807736
2025-07-21 01:00,14.242751695059994
2025-07-21 02:00,13.61358325271648
2025-07-21 03:00,13.923602984864917
2025-07-21 04:00,13.06618024929193
2025-07-21 05:00,11.759946947377859
2025-07-21 06:00,12.866375089668509
2025-07-21 07:00,8.28793500274396
2025-07-21 08:00,10.369178136986703
2025-07-21 09:00,8.507677082271922
2025-07-21 10:00,5.0644357759165946
2025-07-21 11:00,5.927987688574178
2025-07-21 12:00,6.865067063138581
2025-07-21 13:00,1.2318596556261039
2025-07-21 14:00,5.1823764661120215
2025-07-21 15:00,3.3883903998580984
2025-07-21 16:00,2.32908569492488
2025-07-21 17:00,2.8156670655121503
2025-07-21 18:00,1.6677336154034732
2025-07-21 19:00,1.4611854814635494
2025-07-21 20:00,4.862461747872722
2025-07-21 21:00,1.6736910048134788
2025-07-21 22:00,1.2455507997661204
2025-07-21 23:00,1.3402444561968025
2025-07-22 00:00,1.2668853846740196
2025-07-22 01:00,2.3122620691818248
2025-07-22 02:00,0.9685718849172671
2025-07-22 03:00,1.8392284419173912
2025-07-22 04:00,0.0
2025-07-22 05:00,0.003145250904037077
2025-07-22 06:00,0.0
2025-07-22 07:00,0.0
2025-07-22 08:00,0.3057033135368122
2025-07-22 09:00,0.0
2025-07-22 10:00,0.0
2025-07-22 11:00,2.625292921916565
2025-07-22 12:00,0.34711512226187274
2025-07-22 13:00,0.0
2025-07-22 14:00,0.0
2025-07-22 15:00,0.0
2025-07-22 16:00,0.0
2025-07-22 17:00,0.0
2025-07-22 18:00,0.0
2025-07-22 19:00,0.0
2025-07-22 20:00,0.0
2025-07-22 21:00,0.0
2025-07-22 22:00,0.03347587396228567
2025-07-22 23:00,0.0
2025-07-23 00:00,0.0
2025-07-23 01:00,0.0
2025-07-23 02:00,0.0
2025-07-23 03:00,0.07803225901536269
2025-07-23 04:00,0.03800237250909944
2025-07-23 05:00,0.03730754813498699
2025-07-23 06:00,0.0
2025-07-23 07:00,0.06252397290576331
2025-07-23 08:00,0.03337464121288712
2025-07-23 09:00,0.25927896172958653
2025-07-23 10:00,0.03496213692027322
2025-07-23 11:00,0.0
2025-07-23 12:00,0.0
2025-07-23 13:00,0.1486781858721568
2025-07-23 14:00,0.0
2025-07-23 15:00,0.0
2025-07-23 16:00,0.0
2025-07-23 17:00,0.0
2025-07-23 18:00,0.2816666593475053
2025-07-23 19:00,0.45192151887630966
2025-07-23 20:00,0.5394461462635861
2025-07-23 21:00,0.46038212390932864
2025-07-23 22:00,0.39416301148897526
2025-07-23 23:00,0.1775567085854875
2025-07-24 00:00,0.0
2025-07-24 01:00,0.042199497612248754
2025-07-24 02:00,0.0
2025-07-24 03:00,0.0
2025-07-24 04:00,0.0
2025-07-24 05:00,0.0
2025-07-24 06:00,0.0
2025-07-24 07:00,0.0
2025-07-24 08:00,0.0
2025-07-24 09:00,0.0
2025-07-24 10:00,0.0
2025-07-24 11:00,0.0
2025-07-24 12:00,0.0
2025-07-24 13:00,0.08833775578242938
2025-07-24 14:00,0.0
2025-07-24 15:00,0.652057278140176
2025-07-24 16:00,2.3210907862409313
2025-07-24 17:00,2.1099060857242242
2025-07-24 18:00,2.7391150970854654
2025-07-24 19:00,3.8407505455170665
2025-07-24 20:00,2.3614703268978867
2025-07-24 21:00,2.2277696879084936
2025-07-24 22:00,2.5101671454296013
2025-07-24 23:00,2.4019893358248265
2025-07-25 00:00,2.2516077538900197
2025-07-25 01:00,2.448165913404056
2025-07-25 02:00,0.7304246051794632
2025-07-25 03:00,0.0
2025-07-25 04:00,0.0
2025-07-25 05:00,0.015734650493224485
2025-07-25 06:00,0.0
2025-07-25 07:00,0.0
2025-07-25 08:00,0.0
2025-07-25 09:00,0.0
2025-07-25 10:00,0.0
2025-07-25 11:00,0.0
2025-07-25 12:00,0.0
2025-07-25 13:00,0.14473173161711336
2025-07-25 14:00,0.0
2025-07-25 15:00,0.005885264648680172
2025-07-25 16:00,0.022233844370211624
2025-07-25 17:00,0.47367297583996704
2025-07-25 18:00,0.3309987330290732
2025-07-25 19:00,0.0
2025-07-25 20:00,0.0
2025-07-25 21:00,0.1758417276244557
2025-07-25 22:00,0.0
2025-07-25 23:00,0.0
2025-07-26 00:00,1.0540297954344455
2025-07-26 01:00,0.8429022767282359
2025-07-26 02:00,0.6291802679512689
2025-07-26 03:00,0.5655921644467407
2025-07-26 04:00,0.8947644794940416
2025-07-26 05:00,0.0
2025-07-26 06:00,0.0
2025-07-26 07:00,0.0
2025-07-26 08:00,0.0
2025-07-26 09:00,1.2266652265117735
2025-07-26 10:00,0.46779137616253713
2025-07-26 11:00,0.6721297084248417
2025-07-26 12:00,0.9342253288824323
2025-07-26 13:00,0.6083273971032079
2025-07-26 14:00,0.7613437235984066
2025-07-26 15:00,0.8528320042338844
2025-07-26 16:00,1.141010105198385
2025-07-26 17:00,0.0
2025-07-26 18:00,1.1584373355226183
2025-07-26 19:00,0.5570666674526092
2025-07-26 20:00,0.5561006888418314
2025-07-26 21:00,2.1245242797520514
2025-07-26 22:00,4.184956793307
2025-07-26 23:00,2.275671055426948
2025-07-27 00:00,3.3732383622033
2025-07-27 01:00,2.8742176725483297
2025-07-27 02:00,3.9008953761531124
2025-07-27 03:00,3.9518923591306008
2025-07-27 04:00,3.189372139657925
2025-07-27 05:00,2.142581011588286
2025-07-27 06:00,1.5172937640589907
2025-07-27 07:00,0.0
2025-07-27 08:00,0.0
2025-07-27 09:00,0.0
2025-07-27 10:00,0.0
2025-07-27 11:00,0.0
2025-07-27 12:00,0.0
2025-07-27 13:00,0.0
2025-07-27 14:00,0.0
2025-07-27 15:00,0.0
2025-07-27 16:00,0.14554529466455693
2025-07-27 17:00,0.4804740402937036
2025-07-27 18:00,0.09335959465971591
2025-07-27 19:00,0.009805168383118191
2025-07-27 20:00,0.0
2025-07-27 21:00,0.0
2025-07-27 22:00,0.5202692016691619
2025-07-27 23:00,0.0
2025-07-28 00:00,2.954881921818105
2025-07-28 01:00,1.0640238284037353
2025-07-28 02:00,1.5887003657200538
2025-07-28 03:00,2.112721346405964
2025-07-28 04:00,0.4485723460235747
2025-07-28 05:00,0.11095340029079039
2025-07-28 06:00,0.07720415021454712
2025-07-28 07:00,0.0
2025-07-28 08:00,0.0
2025-07-28 09:00,0.0
2025-07-28 10:00,0.0
2025-07-28 11:00,0.0
2025-07-28 12:00,0.0
2025-07-28 13:00,0.03340101473991642
2025-07-28 14:00,0.3425486885603178
2025-07-28 15:00,1.0589289729269133
2025-07-28 16:00,1.4802039907744144
2025-07-28 17:00,1.0839181208785797
2025-07-28 18:00,0.8866267402130862
2025-07-28 19:00,0.2416788146046393
2025-07-28 20:00,0.7725283569131332
2025-07-28 21:00,0.39250519873736506
2025-07-28 22:00,1.6827800067858778
2025-07-28 23:00,0.6715950468784622
2025-07-29 00:00,1.3584811543889959
2025-07-29 01:00,1.6646098240432337
2025-07-29 02:00,1.1362403611277478
2025-07-29 03:00,0.5295619299123377
2025-07-29 04:00,0.0
2025-07-29 05:00,0.0
2025-07-29 06:00,0.0
2025-07-29 07:00,0.4829258145044806
2025-07-29 08:00,0.09666659652718582
2025-07-29 09:00,0.0
2025-07-29 10:00,0.0
2025-07-29 11:00,0.0
2025-07-29 12:00,0.0
2025-07-29 13:00,0.6306991587034771
2025-07-29 14:00,0.689724962853342
2025-07-29 15:00,0.41950745631059605
2025-07-29 16:00,2.02250838224778
2025-07-29 17:00,1.3589249985426453
2025-07-29 18:00,0.7343395896041612
2025-07-29 19:00,0.4080417683828449
2025-07-29 20:00,0.0975307561562113
2025-07-29 21:00,0.0
2025-07-29 22:00,0.5037018789482063
2025-07-29 23:00,0.23407652557539535
2025-07-30 00:00,0.6759627629756324
2025-07-30 01:00,0.4845695730922273
2025-07-30 02:00,0.0
2025-07-30 03:00,0.0
2025-07-30 04:00,0.0
2025-07-30 05:00,0.0
2025-07-30 06:00,0.0
2025-07-30 07:00,0.0
2025-07-30 08:00,0.0
2025-07-30 09:00,0.0
2025-07-30 10:00,0.0
2025-07-30 11:00,0.27067480962251667
2025-07-30 12:00,0.27812282642236785
2025-07-30 13:00,0.25264682621243534
2025-07-30 14:00,2.0132371630524655
2025-07-30 15:00,0.0
2025-07-30 16:00,2.468920734617343
2025-07-30 17:00,4.368059280616555
2025-07-30 18:00,3.5498969684851116
2025-07-30 19:00,4.767741919215792
2025-07-30 20:00,8.300665057017302
2025-07-30 21:00,5.908472415242944
2025-07-30 22:00,6.127340413003806
2025-07-30 23:00,4.627100188950271
2025-07-31 00:00,7.1268719761391095
2025-07-31 01:00,8.20726567376816
2025-07-31 02:00,7.538497917101955
2025-07-31 03:00,4.631369750436561
2025-07-31 04:00,1.879217391467162
2025-07-31 05:00,0.5401364285750844
2025-07-31 06:00,0.10083250152119395
2025-07-31 07:00,0.026300002816888747
2025-07-31 08:00,0.0
2025-07-31 09:00,0.0
2025-07-31 10:00,0.17616656643003
2025-07-31 11:00,0.193798265432492
2025-07-31 12:00,0.3115875634415018
2025-07-31 13:00,0.3318320089796009
2025-07-31 14:00,0.4983682932427441
2025-07-31 15:00,1.3178569369061008
2025-07-31 16:00,2.8143134373604473
2025-07-31 17:00,0.195390881097745
2025-07-31 18:00,1.2293313682034757
2025-07-31 19:00,1.2727617239654714
2025-07-31 20:00,0.05222302391829228
2025-07-31 21:00,0.85018646718472
2025-07-31 22:00,0.9834990464484109
2025-07-31 23:00,1.8113261559751335
2025-08-01 00:00,1.8255000092721076
2025-08-01 01:00,2.617555443502409
2025-08-01 02:00,1.7411397843761802
2025-08-01 03:00,2.8979559308899776
2025-08-01 04:00,1.5773000836075721
2025-08-01 05:00,2.1588739279396125
2025-08-01 06:00,2.42155335148516
2025-08-01 07:00,0.8153364957030177
2025-08-01 08:00,0.007866691150734722
2025-08-01 09:00,0.0
2025-08-01 10:00,0.0
2025-08-01 11:00,0.0
2025-08-01 12:00,0.0
2025-08-01 13:00,0.152174851758357
2025-08-01 14:00,0.8298327370774896
2025-08-01 15:00,0.9863149038431476
2025-08-01 16:00,0.9983763386509792
2025-08-01 17:00,1.32627545456823
2025-08-01 18:00,0.7216863578384151
2025-08-01 19:00,0.0
2025-08-01 20:00,0.15524284142184405
2025-08-01 21:00,0.0401973797848343
2025-08-01 22:00,0.6600615874469882
2025-08-01 23:00,0.11492836035656388
2025-08-02 00:00,0.6967195818257753
2025-08-02 01:00,2.1601492045456054
2025-08-02 02:00,2.913111658336479
2025-08-02 03:00,2.476884837622876
2025-08-02 04:00,0.6977458763476687
2025-08-02 05:00,0.5876636973114638
2025-08-02 06:00,0.36792973786445854
2025-08-02 07:00,0.0
2025-08-02 08:00,0.0
2025-08-02 09:00,0.029980027863008792
2025-08-02 10:00,0.2926843168861539
2025-08-02 11:00,0.0
2025-08-02 12:00,0.0
2025-08-02 13:00,0.32177664450240023
2025-08-02 14:00,0.44805832503636656
2025-08-02 15:00,0.4279633480419298
2025-08-02 16:00,0.5589208583912599
2025-08-02 17:00,0.9082778528865852
2025-08-02 18:00,0.9669074917292517
2025-08-02 19:00,0.14434023505636848
2025-08-02 20:00,0.06610125923774203
2025-08-02 21:00,0.4284417314317174
2025-08-02 22:00,0.9219999470141201
2025-08-02 23:00,0.9341017575633085
2025-08-03 00:00,1.6585740742843427
2025-08-03 01:00,2.0462351183872785
2025-08-03 02:00,2.746829722755952
2025-08-03 03:00,2.279117498571327
2025-08-03 04:00,0.7390080395746701
2025-08-03 05:00,0.33013247398286
2025-08-03 06:00,0.6384300027345615
2025-08-03 07:00,0.06850113410816792
2025-08-03 08:00,0.17264087858726299
2025-08-03 09:00,0.05766626669205502
2025-08-03 10:00,0.0
2025-08-03 11:00,0.0
2025-08-03 12:00,0.0
2025-08-03 13:00,0.6294279906253842
2025-08-03 14:00,0.7593300037779036
2025-08-03 15:00,0.26690673920124475
2025-08-03 16:00,0.9116411069569882
2025-08-03 17:00,0.5238245667810058
2025-08-03 18:00,0.004484283764061273
2025-08-03 19:00,0.7130211953656133
2025-08-03 20:00,0.9349555183257239
2025-08-03 21:00,4.689658324231454
2025-08-03 22:00,11.658281999210166
2025-08-03 23:00,23.44668217770272
2025-08-04 00:00,38.32660701432665
2025-08-04 01:00,38.45082389088278
2025-08-04 02:00,38.79878413924535
2025-08-04 03:00,41.77946757816206
2025-08-04 04:00,38.726636812773116
2025-08-04 05:00,32.67616487281573
2025-08-04 06:00,34.50374601382747
2025-08-04 07:00,32.380740409305986
2025-08-04 08:00,29.707496018894112
2025-08-04 09:00,31.76158488618255
2025-08-04 10:00,29.21713968760478
2025-08-04 11:00,25.414031255700014
2025-08-04 12:00,30.778578233276345
2025-08-04 13:00,30.77592558091398
2025-08-04 14:00,28.69237718446009
2025-08-04 15:00,30.01816217226903
2025-08-04 16:00,30.29843507641636
2025-08-04 17:00,32.035911823882444
2025-08-04 18:00,28.99546496742641
2025-08-04 19:00,30.540494327888563
2025-08-04 20:00,27.49910573308881
2025-08-04 21:00,22.79969302071209
2025-08-04 22:00,17.45090053789436
2025-08-04 23:00,13.841961413075039
2025-08-05 00:00,5.7501104128616545
2025-08-05 01:00,4.177264596274044
2025-08-05 02:00,2.3598043308026
2025-08-05 03:00,0.41511374713952315
2025-08-05 04:00,0.41305324862984766
2025-08-05 05:00,0.8290518666765686
2025-08-05 06:00,0.9553935210850003
2025-08-05 07:00,1.0331367275951242
2025-08-05 08:00,0.0
2025-08-05 09:00,0.8264176557739048
2025-08-05 10:00,2.8558402084479853
2025-08-05 11:00,3.5398979143042033
2025-08-05 12:00,1.8530831591208332
2025-08-05 13:00,4.239587914200638
2025-08-05 14:00,11.310307644851758
2025-08-05 15:00,14.205643826763302
2025-08-05 16:00,23.13648533371067
2025-08-05 17:00,23.564057731106168
2025-08-05 18:00,25.674974307613027
2025-08-05 19:00,28.962114779804555
2025-08-05 20:00,33.837047676270885
2025-08-05 21:00,38.43283134805854
2025-08-05 22:00,38.39969318738824
2025-08-05 23:00,37.99003906412179
2025-08-06 00:00,35.26540513510245
2025-08-06 01:00,32.85673233701302
2025-08-06 02:00,33.32880862760066
2025-08-06 03:00,30.505844626679853
2025-08-06 04:00,27.97550924504209
2025-08-06 05:00,29.453040211752576
2025-08-06 06:00,35.22659531737776
2025-08-06 07:00,32.826836258324406
2025-08-06 08:00,35.236153709028116
2025-08-06 09:00,35.22989776510893
2025-08-06 10:00,36.597005772520106
2025-08-06 11:00,33.57164033670867
2025-08-06 12:00,33.868970653104185
2025-08-06 13:00,35.7305896868763
2025-08-06 14:00,34.87505174746886
2025-08-06 15:00,34.93959396028768
2025-08-06 16:00,37.054401943547305
2025-08-06 17:00,34.77630904933797
2025-08-06 18:00,33.041035678772474
2025-08-06 19:00,29.741238942610444
2025-08-06 20:00,24.387752440410804
2025-08-06 21:00,24.324550221218164
2025-08-06 22:00,18.184668143409368
2025-08-06 23:00,11.121651197596258
2025-08-07 00:00,7.717411448484254
2025-08-07 01:00,4.1994077445687985
2025-08-07 02:00,3.2973430573379146
2025-08-07 03:00,3.451928575348115
2025-08-07 04:00,2.588959354163115
2025-08-07 05:00,1.8465466080708879
2025-08-07 06:00,1.6334926977054156
2025-08-07 07:00,0.4718844401476421
2025-08-07 08:00,1.2432958466372384
2025-08-07 09:00,2.709236508615732
2025-08-07 10:00,0.785706471708642
2025-08-07 11:00,0.0
2025-08-07 12:00,0.06703004378598919
2025-08-07 13:00,0.33256461474124593
2025-08-07 14:00,0.3187961107467024
2025-08-07 15:00,0.1732023416779509
2025-08-07 16:00,0.0
2025-08-07 17:00,0.15805709134460508
2025-08-07 18:00,0.6535071496606715
2025-08-07 19:00,1.4081050329934621
2025-08-07 20:00,2.318834147057258
2025-08-07 21:00,0.866731055628097
2025-08-07 22:00,1.005767025923664
2025-08-07 23:00,0.9566347072489584
2025-08-08 00:00,1.6562111102011394
2025-08-08 01:00,0.893553817085804
2025-08-08 02:00,0.8197223251783576
2025-08-08 03:00,2.0147570203591934
2025-08-08 04:00,1.696457241864451
2025-08-08 05:00,0.46165459188217817
2025-08-08 06:00,0.36359396455915005
2025-08-08 07:00,0.20135425475247495
2025-08-08 08:00,0.1920790476685996
2025-08-08 09:00,0.0
2025-08-08 10:00,0.0
2025-08-08 11:00,0.0
2025-08-08 12:00,0.0
2025-08-08 13:00,0.0
2025-08-08 14:00,0.0
2025-08-08 15:00,0.5971719414237707
2025-08-08 16:00,0.6786205419817055
2025-08-08 17:00,0.7830408854589862
2025-08-08 18:00,0.0
2025-08-08 19:00,0.0
2025-08-08 20:00,0.0
2025-08-08 21:00,0.4329647561870671
2025-08-08 22:00,0.2584381258002474
2025-08-08 23:00,0.0
2025-08-09 00:00,2.041783038243458
2025-08-09 01:00,1.0255532487715828
2025-08-09 02:00,0.940751877918131
2025-08-09 03:00,1.3279626642557307
2025-08-09 04:00,1.4328607555340118
2025-08-09 05:00,1.90820334292503
2025-08-09 06:00,2.2339671450206295
2025-08-09 07:00,0.10617846646994991
2025-08-09 08:00,0.0
2025-08-09 09:00,0.0
2025-08-09 10:00,0.3317388496535351
2025-08-09 11:00,0.0
2025-08-09 12:00,0.0
2025-08-09 13:00,1.0184580930501246
2025-08-09 14:00,7.229969130256068
2025-08-09 15:00,6.824767729411315
2025-08-09 16:00,10.915258365113031
2025-08-09 17:00,16.70678866628475
2025-08-09 18:00,16.9216108869637
2025-08-09 19:00,19.1248455259069
2025-08-09 20:00,19.29732089068114
2025-08-09 21:00,11.834043425301656
2025-08-09 22:00,9.479387747794
2025-08-09 23:00,12.950691047774827
2025-08-10 00:00,9.208904916920709
2025-08-10 01:00,10.444550474952832
2025-08-10 02:00,9.881497060749552
2025-08-10 03:00,10.797273392218314
2025-08-10 04:00,16.66769971551219
2025-08-10 05:00,17.7022457894628
2025-08-10 06:00,19.604088093228487
2025-08-10 07:00,19.679236038545184
2025-08-10 08:00,21.083700782146455
2025-08-10 09:00,19.546581568862422
2025-08-10 10:00,19.023448949990822
2025-08-10 11:00,13.369873102561579
2025-08-10 12:00,7.929791601108286
2025-08-10 13:00,5.790940184835518
2025-08-10 14:00,4.6978974132346645
2025-08-10 15:00,3.1768983077449398
2025-08-10 16:00,4.746031819549444
2025-08-10 17:00,4.36787923485689
2025-08-10 18:00,1.6805768855911303
2025-08-10 19:00,1.301603569259434
2025-08-10 20:00,0.9195683421635926
2025-08-10 21:00,1.2068335416777225
2025-08-10 22:00,1.9295936085726546
2025-08-10 23:00,2.313765671954568
2025-08-11 00:00,3.7525596355668442
2025-08-11 01:00,3.8904994789057645
2025-08-11 02:00,2.470858968785507
2025-08-11 03:00,3.0416049081967484
2025-08-11 04:00,1.0839664497026427
2025-08-11 05:00,0.7984062128356323
2025-08-11 06:00,0.15697769381829374
2025-08-11 07:00,0.0
2025-08-11 08:00,0.3874322327009803
2025-08-11 09:00,2.026232118041287
2025-08-11 10:00,0.0
2025-08-11 11:00,0.0
2025-08-11 12:00,1.0874441954205416
2025-08-11 13:00,0.0
2025-08-11 14:00,0.0
2025-08-11 15:00,0.004875847597852322
2025-08-11 16:00,0.623256565479469
2025-08-11 17:00,0.41118230916078125
2025-08-11 18:00,2.2047314019043287
2025-08-11 19:00,1.448798222039643
2025-08-11 20:00,2.0909024105437424
2025-08-11 21:00,2.585067249196475
2025-08-11 22:00,2.1762344301521765
2025-08-11 23:00,0.7969826004422065
2025-08-12 00:00,0.08436849721025279
2025-08-12 01:00,0.2899550535781474
2025-08-12 02:00,0.13879142476569079
2025-08-12 03:00,0.2219350215091738
2025-08-12 04:00,0.20755162518943257
2025-08-12 05:00,0.14870389891773378
2025-08-12 06:00,0.0
2025-08-12 07:00,0.009982421519706138
2025-08-12 08:00,0.25103911859203953
2025-08-12 09:00,0.0
2025-08-12 10:00,0.0
2025-08-12 11:00,0.3465388183186763
2025-08-12 12:00,0.3765511603929166
2025-08-12 13:00,0.7137272110283939
2025-08-12 14:00,1.793278881168643
2025-08-12 15:00,2.7890381700726716
2025-08-12 16:00,2.1230420771207483
2025-08-12 17:00,4.671911436306241
2025-08-12 18:00,8.173030977423648
2025-08-12 19:00,7.46879787119383
2025-08-12 20:00,8.167319902175093
2025-08-12 21:00,9.08184506380639
2025-08-12 22:00,8.667448115450945
2025-08-12 23:00,10.535387531823574
2025-08-13 00:00,12.924047297599836
2025-08-13 01:00,14.208340890502052
2025-08-13 02:00,18.236290382287216
2025-08-13 03:00,25.001939367289374
2025-08-13 04:00,23.940939070430314
2025-08-13 05:00,30.456748333883237
2025-08-13 06:00,33.8069689893414
2025-08-13 07:00,34.94785363907364
2025-08-13 08:00,37.43055203861239
2025-08-13 09:00,36.36999165549443
2025-08-13 10:00,37.015449011065826
2025-08-13 11:00,36.36239421662796
2025-08-13 12:00,36.89705908703675
2025-08-13 13:00,30.535929882603142
2025-08-13 14:00,28.81317217771919
2025-08-13 15:00,30.03200204841064
2025-08-13 16:00,27.86486060018283
2025-08-13 17:00,26.70263930840915
2025-08-13 18:00,21.069429817536335
2025-08-13 19:00,23.349468090089207
2025-08-13 20:00,21.821762073777464
2025-08-13 21:00,23.43648899480368
2025-08-13 22:00,23.394205362109844
2025-08-13 23:00,23.035584643660187
2025-08-14 00:00,21.289001656713527
2025-08-14 01:00,22.549124078834748
2025-08-14 02:00,23.229819447346355
2025-08-14 03:00,20.50629974977652
2025-08-14 04:00,20.3830424233189
2025-08-14 05:00,18.158816404125453
2025-08-14 06:00,18.05226021134477
2025-08-14 07:00,17.16066354346001
2025-08-14 08:00,15.18699816017478
2025-08-14 09:00,13.156917959446123
2025-08-14 10:00,12.747839511967209
2025-08-14 11:00,10.709771745197246
2025-08-14 12:00,10.91908054908626
2025-08-14 13:00,11.372496975753414
2025-08-14 14:00,7.812633156986456
2025-08-14 15:00,7.899547180541569
2025-08-14 16:00,7.10947138625145
2025-08-14 17:00,5.338732732292099
2025-08-14 18:00,6.781787441331544
2025-08-14 19:00,6.558455259863012
2025-08-14 20:00,5.4599047335130715
2025-08-14 21:00,5.983390887671379
2025-08-14 22:00,5.772068247241822
2025-08-14 23:00,5.706073572180154
2025-08-15 00:00,1.5068549023533764
2025-08-15 01:00,1.1504685101700052
2025-08-15 02:00,0.27937172134936905
2025-08-15 03:00,0.0
2025-08-15 04:00,0.14987955724200522
2025-08-15 05:00,2.2744703132711908
2025-08-15 06:00,0.9230869987644491
2025-08-15 07:00,1.0426186048676498
2025-08-15 08:00,1.3150040535396337
2025-08-15 09:00,2.7538042685626833
2025-08-15 10:00,3.318582795230712
2025-08-15 11:00,2.6296261698157264
2025-08-15 12:00,0.9663405761189728
2025-08-15 13:00,0.6479476986324973
2025-08-15 14:00,0.0
2025-08-15 15:00,0.20538886495974557
2025-08-15 16:00,0.26870201588239456
2025-08-15 17:00,1.3221631117357466
2025-08-15 18:00,0.08021015095591026
2025-08-15 19:00,0.2682554600679379
2025-08-15 20:00,0.0
2025-08-15 21:00,0.2390859032256699
2025-08-15 22:00,0.0
2025-08-15 23:00,0.27847309476870197
2025-08-16 00:00,0.1950161838096828
2025-08-16 01:00,0.07789230346313164
2025-08-16 02:00,0.04499470174443914
2025-08-16 03:00,0.08106519436346876
2025-08-16 04:00,0.09778719488389497
2025-08-16 05:00,0.09759831466533629
2025-08-16 06:00,0.0
2025-08-16 07:00,0.19871950292324436
2025-08-16 08:00,0.0
2025-08-16 09:00,0.0
2025-08-16 10:00,0.1719961020237488
2025-08-16 11:00,0.0
2025-08-16 12:00,0.675445730071508
2025-08-16 13:00,0.8427902235340716
2025-08-16 14:00,1.1350769047048581
2025-08-16 15:00,1.461436597152826
2025-08-16 16:00,2.4172047804763737
2025-08-16 17:00,3.402269083498212
2025-08-16 18:00,3.058273835816514
2025-08-16 19:00,3.234141108120435
2025-08-16 20:00,2.1274904171387985
2025-08-16 21:00,2.5070620780259047
2025-08-16 22:00,2.445030889707366
2025-08-16 23:00,4.970336572751901
2025-08-17 00:00,2.0237174358474745
2025-08-17 01:00,2.0724587707725592
2025-08-17 02:00,3.694428905223845
2025-08-17 03:00,1.134037065048428
2025-08-17 04:00,2.2085170813865527
2025-08-17 05:00,0.7739419486640383
2025-08-17 06:00,1.8504739134525068
2025-08-17 07:00,1.871809246976598
2025-08-17 08:00,0.164270749343619
2025-08-17 09:00,0.47867962068712244
2025-08-17 10:00,0.0
2025-08-17 11:00,0.0
2025-08-17 12:00,0.0
2025-08-17 13:00,0.0
2025-08-17 14:00,0.0
2025-08-17 15:00,0.0
2025-08-17 16:00,0.30344694670194
2025-08-17 17:00,0.5699071466419906
2025-08-17 18:00,1.8654108483017382
2025-08-17 19:00,0.01525468059553395
2025-08-17 20:00,0.18230338397135526
2025-08-17 21:00,0.3625135539832122
2025-08-17 22:00,0.25532397991891814
2025-08-17 23:00,0.1774780489669734
2025-08-18 00:00,0.17576945952513176
2025-08-18 01:00,0.15992614514989742
2025-08-18 02:00,2.06127089831515
2025-08-18 03:00,2.806839665176208
2025-08-18 04:00,0.0
2025-08-18 05:00,0.3346091360960547
2025-08-18 06:00,1.270505452781365
2025-08-18 07:00,0.8129356638951234
2025-08-18 08:00,0.8593443446405991
2025-08-18 09:00,1.518675055102255
2025-08-18 10:00,0.26705777367619427
2025-08-18 11:00,2.2789219804209755
2025-08-18 12:00,2.5505666409516397
2025-08-18 13:00,2.3902923749405036
2025-08-18 14:00,0.9306874350651355
2025-08-18 15:00,1.2253320478836742
2025-08-18 16:00,2.6312938078387176
2025-08-18 17:00,2.746554711063195
2025-08-18 18:00,2.946627946116783
2025-08-18 19:00,2.3749313001867045
2025-08-18 20:00,2.41886753172458
2025-08-18 21:00,3.364495437106424
2025-08-18 22:00,4.789071934228281
2025-08-18 23:00,8.290607027461865
2025-08-19 00:00,8.604673340112424
2025-08-19 01:00,11.944508304894956
2025-08-19 02:00,11.901244345561853
2025-08-19 03:00,11.353938524958885
2025-08-19 04:00,10.8422018972279
2025-08-19 05:00,10.766656759489894
2025-08-19 06:00,7.779939524729807
2025-08-19 07:00,5.443017050453482
2025-08-19 08:00,4.228992730169058
2025-08-19 09:00,6.673654109374617
2025-08-19 10:00,3.3963412831994666
2025-08-19 11:00,3.6598308561532096
2025-08-19 12:00,3.214551459373547
2025-08-19 13:00,2.8358152521254287
2025-08-19 14:00,3.1755779141707374
2025-08-19 15:00,4.46712040224928
2025-08-19 16:00,5.202628884537856
2025-08-19 17:00,5.7473500189591995
2025-08-19 18:00,6.547698165160947
2025-08-19 19:00,6.157828160108095
2025-08-19 20:00,6.401097623656603
2025-08-19 21:00,9.925695847714662
2025-08-19 22:00,8.020831569598984
2025-08-19 23:00,6.457810348303415
2025-08-20 00:00,8.169710669710796
2025-08-20 01:00,8.404833013406234
2025-08-20 02:00,8.575225015515128
2025-08-20 03:00,7.030854451648319
2025-08-20 04:00,5.674965552417806
2025-08-20 05:00,3.360859814336996
2025-08-20 06:00,4.143828775865855
2025-08-20 07:00,3.667585148873292
2025-08-20 08:00,2.6068726820519994
2025-08-20 09:00,6.853101432468408
2025-08-20 10:00,3.3185332221884596
2025-08-20 11:00,1.4766717784223484
2025-08-20 12:00,5.204247292140967
2025-08-20 13:00,2.4450005662158785
2025-08-20 14:00,2.5913935390825587
2025-08-20 15:00,1.828673189269727
2025-08-20 16:00,3.489524079515738
2025-08-20 17:00,3.5261104203825107
2025-08-20 18:00,3.1242145646426303
2025-08-20 19:00,2.6699806616506643
2025-08-20 20:00,1.4440193718111627
2025-08-20 21:00,1.2117485191857982
2025-08-20 22:00,0.19461359003229958
2025-08-20 23:00,0.0
2025-08-21 00:00,1.2629703473952372
2025-08-21 01:00,0.3014750220513161
2025-08-21 02:00,0.8876918347050132
2025-08-21 03:00,0.21667281807907246
2025-08-21 04:00,0.09138346146625133
2025-08-21 05:00,0.0
2025-08-21 06:00,0.0
2025-08-21 07:00,0.0
2025-08-21 08:00,0.0
2025-08-21 09:00,0.0
2025-08-21 10:00,0.0
2025-08-21 11:00,0.0
2025-08-21 12:00,0.0
2025-08-21 13:00,0.0
2025-08-21 14:00,0.0
2025-08-21 15:00,0.7171419640395218
2025-08-21 16:00,1.0833671620211622
2025-08-21 17:00,0.7449194439742077
2025-08-21 18:00,0.8411480468277928
2025-08-21 19:00,0.0
2025-08-21 20:00,0.0
2025-08-21 21:00,0.1277574360106375
2025-08-21 22:00,0.10038422473846427
2025-08-21 23:00,0.5338977098233686
2025-08-22 00:00,0.49930315328456
2025-08-22 01:00,0.3576203333953878
2025-08-22 02:00,0.0
2025-08-22 03:00,0.4757713565281623
2025-08-22 04:00,0.35510056226746284
2025-08-22 05:00,0.3739039119901318
2025-08-22 06:00,0.0651875683369475
2025-08-22 07:00,0.0
2025-08-22 08:00,0.0
2025-08-22 09:00,0.0
2025-08-22 10:00,0.0
2025-08-22 11:00,0.0
2025-08-22 12:00,0.0
2025-08-22 13:00,0.0
2025-08-22 14:00,0.0
2025-08-22 15:00,0.0
2025-08-22 16:00,0.3650634860491671
2025-08-22 17:00,0.39110809026612864
2025-08-22 18:00,1.1990468257414437
2025-08-22 19:00,1.107100996966812
2025-08-22 20:00,0.9052435604166281
2025-08-22 21:00,0.6948488379555255
2025-08-22 22:00,1.8383115361539206
2025-08-22 23:00,2.264142788136416
2025-08-23 00:00,0.0018642376153041244
2025-08-23 01:00,0.3988262557678325
2025-08-23 02:00,0.0
2025-08-23 03:00,0.0
2025-08-23 04:00,0.0
2025-08-23 05:00,0.30085266695393104
2025-08-23 06:00,1.5933830034785479
2025-08-23 07:00,0.0
2025-08-23 08:00,0.13889349192576772
2025-08-23 09:00,0.0
2025-08-23 10:00,0.0
2025-08-23 11:00,0.0
2025-08-23 12:00,0.0
2025-08-23 13:00,0.0
2025-08-23 14:00,0.0
2025-08-23 15:00,0.0
2025-08-23 16:00,0.12094403024957662
2025-08-23 17:00,0.0
2025-08-23 18:00,0.0
2025-08-23 19:00,0.0
2025-08-23 20:00,0.0
2025-08-23 21:00,0.39058609032111435
2025-08-23 22:00,0.10749295526748044
2025-08-23 23:00,0.0
2025-08-24 00:00,1.7629874038921654
2025-08-24 01:00,0.24308391125627057
2025-08-24 02:00,0.0
2025-08-24 03:00,0.0
2025-08-24 04:00,1.5443286681062758
2025-08-24 05:00,0.35568877520867703
2025-08-24 06:00,0.3107684255154587
2025-08-24 07:00,0.90170342930327
2025-08-24 08:00,0.49469269459080006
2025-08-24 09:00,0.0
2025-08-24 10:00,0.0
2025-08-24 11:00,0.6912939702125066
2025-08-24 12:00,0.7867490092401898
2025-08-24 13:00,1.5592139494674704
2025-08-24 14:00,0.0
2025-08-24 15:00,0.3419954396603288
2025-08-24 16:00,1.3050628969272138
2025-08-24 17:00,1.1024826342186973
2025-08-24 18:00,2.2812905342517893
2025-08-24 19:00,1.3691949762790565
2025-08-24 20:00,1.7636220874929984
2025-08-24 21:00,0.787312546430174
2025-08-24 22:00,1.1475842068340716
2025-08-24 23:00,1.4401079285998988
2025-08-25 00:00,2.4488849782310904
2025-08-25 01:00,1.8768424404625976
2025-08-25 02:00,2.7932515198037757
2025-08-25 03:00,0.7762089160983431
2025-08-25 04:00,1.1236164802916648
2025-08-25 05:00,1.7735759713392436
2025-08-25 06:00,1.1458326533016978
2025-08-25 07:00,1.908163719390728
2025-08-25 08:00,0.8778034512406898
2025-08-25 09:00,2.9989815459498366
2025-08-25 10:00,3.0499670048553305
2025-08-25 11:00,4.669826718469742
2025-08-25 12:00,0.2294870517843495
2025-08-25 13:00,2.9572526501186682
2025-08-25 14:00,5.944075141969238
2025-08-25 15:00,7.6013208869008135
2025-08-25 16:00,10.12150031015864
2025-08-25 17:00,12.549281395470812
2025-08-25 18:00,13.516732952382755
2025-08-25 19:00,17.25142215843494
2025-08-25 20:00,19.463741399856154
2025-08-25 21:00,24.12301439443396
2025-08-25 22:00,25.9577544289563
2025-08-25 23:00,27.887254696773642
2025-08-26 00:00,27.977274448094114
2025-08-26 01:00,29.579819852694932
2025-08-26 02:00,31.380624328852363
2025-08-26 03:00,33.22037188317581
2025-08-26 04:00,32.23660334069525
2025-08-26 05:00,34.72142817330071
2025-08-26 06:00,33.16349083187083
2025-08-26 07:00,27.1757075081953
2025-08-26 08:00,26.341418982009152
2025-08-26 09:00,23.172150268175873
2025-08-26 10:00,18.433633357491665
2025-08-26 11:00,18.418029535354176
2025-08-26 12:00,10.507072547137573
2025-08-26 13:00,13.16967634664792
2025-08-26 14:00,6.262070110629806
2025-08-26 15:00,5.61415546335824
2025-08-26 16:00,2.770444009071358
2025-08-26 17:00,0.9986765389340351
2025-08-26 18:00,1.790077740133144
2025-08-26 19:00,0.8844334646063986
2025-08-26 20:00,1.2463103864201734
2025-08-26 21:00,0.8760296026130923
2025-08-26 22:00,0.8689874618322587
2025-08-26 23:00,0.6927606478007988
2025-08-27 00:00,1.5129026276680406
2025-08-27 01:00,0.46782454888912334
2025-08-27 02:00,0.1034646544674017
2025-08-27 03:00,0.0
2025-08-27 04:00,0.0
2025-08-27 05:00,0.0
2025-08-27 06:00,0.07505122651362162
2025-08-27 07:00,0.0
2025-08-27 08:00,0.015673988465877045
2025-08-27 09:00,0.20606066654185434
2025-08-27 10:00,0.0
2025-08-27 11:00,0.0
2025-08-27 12:00,0.0
2025-08-27 13:00,0.0
2025-08-27 14:00,0.0
2025-08-27 15:00,0.0
2025-08-27 16:00,0.03762045802713165
2025-08-27 17:00,0.0
2025-08-27 18:00,0.0
2025-08-27 19:00,0.0
2025-08-27 20:00,0.0
2025-08-27 21:00,0.0
2025-08-27 22:00,0.0
2025-08-27 23:00,0.0
2025-08-28 00:00,0.0
2025-08-28 01:00,0.7356561337959486
2025-08-28 02:00,0.6895412217806299
2025-08-28 03:00,0.4241169566993645
2025-08-28 04:00,1.306718129514983
2025-08-28 05:00,1.6961610503135778
2025-08-28 06:00,4.751239578854357
2025-08-28 07:00,4.331633037997748
2025-08-28 08:00,3.548732474956133
2025-08-28 09:00,4.866613133028179
2025-08-28 10:00,6.19869885695829
2025-08-28 11:00,5.8863653460960474
2025-08-28 12:00,5.74129595279181
2025-08-28 13:00,9.511955615141618
2025-08-28 14:00,11.100310299489939
2025-08-28 15:00,10.296513287842405
2025-08-28 16:00,13.604394109038287
2025-08-28 17:00,13.887724725594497
2025-08-28 18:00,14.315622328731923
2025-08-28 19:00,12.366444290590245
2025-08-28 20:00,12.701555859344003
2025-08-28 21:00,13.889461333509622
2025-08-28 22:00,14.269449510976784
2025-08-28 23:00,14.77075274580319
2025-08-29 00:00,17.04165331316829
2025-08-29 01:00,17.56093509082967
2025-08-29 02:00,17.2855859688587
2025-08-29 03:00,17.204177859526
2025-08-29 04:00,16.59269584821669
2025-08-29 05:00,15.914638795999787
2025-08-29 06:00,10.210234288539187
2025-08-29 07:00,8.185636921765978
2025-08-29 08:00,6.905012145517628
2025-08-29 09:00,6.8637974212760104
2025-08-29 10:00,7.033400217778987
2025-08-29 11:00,3.450767132635256
2025-08-29 12:00,3.8275162256678192
2025-08-29 13:00,0.42704615804970836
2025-08-29 14:00,0.3455731056766956
2025-08-29 15:00,0.6178432580439129
2025-08-29 16:00,2.206009200306464
2025-08-29 17:00,3.5055462300788114
2025-08-29 18:00,5.113037646104479
2025-08-29 19:00,4.709397240065591
2025-08-29 20:00,4.244918718969449
2025-08-29 21:00,5.047326614755206
2025-08-29 22:00,6.185887368233153
2025-08-29 23:00,5.155571038664085
2025-08-30 00:00,5.195873050569168
2025-08-30 01:00,5.177809048637149
2025-08-30 02:00,2.9376282811219943
2025-08-30 03:00,2.0783818391103774
2025-08-30 04:00,2.5341655594871004
2025-08-30 05:00,1.6547022237978808
2025-08-30 06:00,1.0045595156906926
2025-08-30 07:00,1.4519457265415834
2025-08-30 08:00,1.5200959332860087
2025-08-30 09:00,0.0
2025-08-30 10:00,0.0
2025-08-30 11:00,3.531904621827786
2025-08-30 12:00,2.7583855046203793
2025-08-30 13:00,0.8592562779242959
2025-08-30 14:00,0.9535679368814177
2025-08-30 15:00,1.320073595408126
2025-08-30 16:00,1.2633869146029741
2025-08-30 17:00,0.6836599292222261
2025-08-30 18:00,1.6271574690986097
2025-08-30 19:00,0.322215087003027
2025-08-30 20:00,0.0
2025-08-30 21:00,0.0
2025-08-30 22:00,0.0
2025-08-30 23:00,0.0064388845796308
2025-08-31 00:00,0.0
2025-08-31 01:00,0.0
2025-08-31 02:00,0.028215604206070416
2025-08-31 03:00,0.19941249980037065
2025-08-31 04:00,0.0
2025-08-31 05:00,2.026104577385994
2025-08-31 06:00,2.073556516130964
2025-08-31 07:00,0.7437121654729745
2025-08-31 08:00,0.9867677231649813
2025-08-31 09:00,0.0
2025-08-31 10:00,0.0
2025-08-31 11:00,2.659354183807625
2025-08-31 12:00,3.6766658497798246
2025-08-31 13:00,2.5992476868883085
2025-08-31 14:00,2.5301862317080377
2025-08-31 15:00,5.218367904029056
2025-08-31 16:00,4.867698947438644
2025-08-31 17:00,8.26810831620991
2025-08-31 18:00,7.3645614212449395
2025-08-31 19:00,11.438335854877538
2025-08-31 20:00,14.493696004389982
2025-08-31 21:00,16.429202601169344
2025-08-31 22:00,14.306380096442513
2025-08-31 23:00,15.505291909699139
2025-09-01 00:00,9.02481766863756
2025-09-01 01:00,13.749478179431932
2025-09-01 02:00,8.728549203138456
2025-09-01 03:00,7.258859591788488
2025-09-01 04:00,9.271786448696698
2025-09-01 05:00,14.296362009518953
2025-09-01 06:00,15.3205140768273
2025-09-01 07:00,16.332707560928522
2025-09-01 08:00,17.216068830749368
2025-09-01 09:00,19.782491312841422
2025-09-01 10:00,17.161699245043753
2025-09-01 11:00,19.21971952322205
2025-09-01 12:00,19.776721080727572
2025-09-01 13:00,22.516745955148956
2025-09-01 14:00,24.728310179336585
2025-09-01 15:00,24.205518315623202
2025-09-01 16:00,29.889658681530967
2025-09-01 17:00,28.14278896922798
2025-09-01 18:00,20.515227506913963
2025-09-01 19:00,18.817445561824425
2025-09-01 20:00,17.365035467079505
2025-09-01 21:00,8.023354974773897
2025-09-01 22:00,5.399607297948437
2025-09-01 23:00,3.2633803210729764
2025-09-02 00:00,3.5643430292735747
2025-09-02 01:00,0.9977014180784138
2025-09-02 02:00,1.1187197332771293
2025-09-02 03:00,1.7669015500983671
2025-09-02 04:00,1.5559750819510862
2025-09-02 05:00,0.6289430808610815
2025-09-02 06:00,0.41042683633441124
2025-09-02 07:00,0.0
2025-09-02 08:00,0.38748155156978026
2025-09-02 09:00,0.0
2025-09-02 10:00,0.06307638110561865
2025-09-02 11:00,0.0
2025-09-02 12:00,0.0
2025-09-02 13:00,0.15055067129062918
2025-09-02 14:00,0.0
2025-09-02 15:00,0.02394124606237636
2025-09-02 16:00,0.0
2025-09-02 17:00,0.06215087262166318
2025-09-02 18:00,0.0
2025-09-02 19:00,0.9861717732688592
2025-09-02 20:00,1.5887739133120797
2025-09-02 21:00,0.9667947006801657
2025-09-02 22:00,0.5151184120344985
2025-09-02 23:00,0.42627155453248455
2025-09-03 00:00,0.27009611423585506
2025-09-03 01:00,0.1899737680821873
2025-09-03 02:00,0.623570102697506
2025-09-03 03:00,0.385092388670318
2025-09-03 04:00,0.03830808363404759
2025-09-03 05:00,0.4371949411628254
2025-09-03 06:00,0.1621239604698883
2025-09-03 07:00,0.15456266531567045
2025-09-03 08:00,0.13883121763663725
2025-09-03 09:00,0.0
2025-09-03 10:00,0.0
2025-09-03 11:00,0.0
2025-09-03 12:00,0.0
2025-09-03 13:00,0.0
2025-09-03 14:00,0.0
2025-09-03 15:00,0.0
2025-09-03 16:00,0.635819989604638
2025-09-03 17:00,0.0
2025-09-03 18:00,1.1101417936111473
2025-09-03 19:00,1.556930723175387
2025-09-03 20:00,0.6580118810150989
2025-09-03 21:00,1.196888985262228
2025-09-03 22:00,0.13314385546504343
2025-09-03 23:00,0.05997608484501076
2025-09-04 00:00,0.0
2025-09-04 01:00,0.0
2025-09-04 02:00,0.0
2025-09-04 03:00,0.2342653870628711
2025-09-04 04:00,0.1382489773752098
2025-09-04 05:00,0.33665025137896454
2025-09-04 06:00,0.7139150086363025
2025-09-04 07:00,0.29747741273573847
2025-09-04 08:00,0.2398342978273408
2025-09-04 09:00,0.0
2025-09-04 10:00,0.0
2025-09-04 11:00,0.07597223201025517
2025-09-04 12:00,0.16608827858224617
2025-09-04 13:00,0.21374541466128444
2025-09-04 14:00,1.0681034693004283
2025-09-04 15:00,1.1671118401935616
2025-09-04 16:00,4.719524077406968
2025-09-04 17:00,6.947293131784932
2025-09-04 18:00,8.169248288729653
2025-09-04 19:00,8.549398074989588
2025-09-04 20:00,4.855121459464731
2025-09-04 21:00,4.029347312907803
2025-09-04 22:00,3.193943846493973
2025-09-04 23:00,3.3952765031086005
2025-09-05 00:00,2.7533016240107964
2025-09-05 01:00,2.0712287586374516
2025-09-05 02:00,1.95235997195626
2025-09-05 03:00,1.3059238387416552
2025-09-05 04:00,0.6347430031288368
2025-09-05 05:00,0.6751881727082222
2025-09-05 06:00,0.5067408692397237
2025-09-05 07:00,0.3763666348344924
2025-09-05 08:00,0.5910019988043012
2025-09-05 09:00,0.0
2025-09-05 10:00,0.0
2025-09-05 11:00,0.0
2025-09-05 12:00,0.0
2025-09-05 13:00,0.0
2025-09-05 14:00,0.0
2025-09-05 15:00,1.4551161652424387
2025-09-05 16:00,1.1360722965642016
2025-09-05 17:00,1.0264305083616345
2025-09-05 18:00,1.6402811543195552
2025-09-05 19:00,0.26913980222967165
2025-09-05 20:00,0.40890684453656506
2025-09-05 21:00,1.213142796942294
2025-09-05 22:00,1.9602726792471434
2025-09-05 23:00,3.459032156134404
2025-09-06 00:00,3.6360818895820217
2025-09-06 01:00,5.267224908588927
2025-09-06 02:00,5.244920967166491
2025-09-06 03:00,8.693375054214183
2025-09-06 04:00,12.258436311332176
2025-09-06 05:00,11.311296764369589
2025-09-06 06:00,12.34123261745632
2025-09-06 07:00,15.472201138832089
2025-09-06 08:00,18.99592375452384
2025-09-06 09:00,21.969102182961247
2025-09-06 10:00,24.270709761571144
2025-09-06 11:00,15.878761703592978
2025-09-06 12:00,15.339171401397858
2025-09-06 13:00,20.45081484306326
2025-09-06 14:00,17.9848628430117
2025-09-06 15:00,18.467486236874837
2025-09-06 16:00,17.739994104926826
2025-09-06 17:00,20.822397235806765
2025-09-06 18:00,24.1798784214753
2025-09-06 19:00,24.976367753181176
2025-09-06 20:00,25.253875482439465
2025-09-06 21:00,24.146715244127716
2025-09-06 22:00,24.236218690564183
2025-09-06 23:00,27.142016176185034
2025-09-07 00:00,22.251467899697133
2025-09-07 01:00,24.000412046176915
2025-09-07 02:00,30.49514700767959
2025-09-07 03:00,20.8519386948594
2025-09-07 04:00,14.896664615824777
2025-09-07 05:00,17.747616846815934
2025-09-07 06:00,9.337583055314155
2025-09-07 07:00,1.926315733712898
2025-09-07 08:00,0.4098239138979505
2025-09-07 09:00,0.3658716357649
2025-09-07 10:00,0.0
2025-09-07 11:00,0.21063422220269665
2025-09-07 12:00,0.6940662184933184
2025-09-07 13:00,0.14703282746656293
2025-09-07 14:00,0.3449510047057941
2025-09-07 15:00,3.0413381485778817
2025-09-07 16:00,2.5240525115529997
2025-09-07 17:00,0.2248835874658799
2025-09-07 18:00,1.2047000710274183
2025-09-07 19:00,1.5836932384436926
2025-09-07 20:00,0.8339937684937244
2025-09-07 21:00,0.9989909706497738
2025-09-07 22:00,0.90735261243115
2025-09-07 23:00,1.0322259425232216
2025-09-08 00:00,0.6129408622445514
2025-09-08 01:00,0.4909057818049543
2025-09-08 02:00,0.4504018039056465
2025-09-08 03:00,1.4250917575390067
2025-09-08 04:00,1.1546716644673392
2025-09-08 05:00,1.124214553751539
2025-09-08 06:00,1.8512840259652024
2025-09-08 07:00,0.0
2025-09-08 08:00,0.0
2025-09-08 09:00,0.0
2025-09-08 10:00,0.0
2025-09-08 11:00,0.0
2025-09-08 12:00,0.0
2025-09-08 13:00,1.848819189791504
2025-09-08 14:00,2.2881342574041166
2025-09-08 15:00,0.7135760581033238
2025-09-08 16:00,0.0
2025-09-08 17:00,0.0
2025-09-08 18:00,0.0
2025-09-08 19:00,0.7260141311840677
2025-09-08 20:00,0.8822342308487134
2025-09-08 21:00,1.3405157726240957
2025-09-08 22:00,0.538378233466309
2025-09-08 23:00,1.7558544407872938
2025-09-09 00:00,2.742136085356137
2025-09-09 01:00,2.573136766817553
2025-09-09 02:00,2.3998178320418972
2025-09-09 03:00,2.9126021307044847
2025-09-09 04:00,2.2689669225187097
2025-09-09 05:00,1.8057781898469696
2025-09-09 06:00,1.456317598348602
2025-09-09 07:00,0.15490934642276002
2025-09-09 08:00,0.029448050393240357
2025-09-09 09:00,0.411499666974918
2025-09-09 10:00,0.0
2025-09-09 11:00,0.0
2025-09-09 12:00,0.7807912237341625
2025-09-09 13:00,1.412603391410903
2025-09-09 14:00,3.161420909424503
2025-09-09 15:00,3.2106354162697976
2025-09-09 16:00,2.6351409224925653
2025-09-09 17:00,3.259090950436781
2025-09-09 18:00,3.582391210143659
2025-09-09 19:00,3.7830203060762106
2025-09-09 20:00,3.2096048425480546
2025-09-09 21:00,1.8408712002869998
2025-09-09 22:00,1.9309110191074315
2025-09-09 23:00,1.995396010179557
2025-09-10 00:00,4.531623894572496
2025-09-10 01:00,3.394262430714636
2025-09-10 02:00,4.62371172384401
2025-09-10 03:00,6.27470384478296
2025-09-10 04:00,6.625719556359006
2025-09-10 05:00,7.199342535993144
2025-09-10 06:00,5.514735413445521
2025-09-10 07:00,2.7539093412800963
2025-09-10 08:00,3.711824313329416
2025-09-10 09:00,1.7338087059114613
2025-09-10 10:00,0.9885990749984629
2025-09-10 11:00,1.3550944282057795
2025-09-10 12:00,0.09696110182357798
2025-09-10 13:00,0.6592918586307506
2025-09-10 14:00,0.5673505611658073
2025-09-10 15:00,2.23768372587505
2025-09-10 16:00,4.476532126773994
2025-09-10 17:00,6.6487363429839546
2025-09-10 18:00,7.022725727082915
2025-09-10 19:00,9.943227138727485
2025-09-10 20:00,8.630196659278946
2025-09-10 21:00,6.0195361509367515
2025-09-10 22:00,5.076659841206466
2025-09-10 23:00,5.610554899271867
2025-09-11 00:00,3.5692274636067594
2025-09-11 01:00,2.137942728022126
2025-09-11 02:00,1.839269773470799
2025-09-11 03:00,2.4992961651924483
2025-09-11 04:00,1.8745967718577476
2025-09-11 05:00,2.470698835110954
2025-09-11 06:00,5.1411643653188746
2025-09-11 07:00,3.661919259107998
2025-09-11 08:00,2.7005753710462135
2025-09-11 09:00,0.73440336053309
2025-09-11 10:00,0.0
2025-09-11 11:00,0.0
2025-09-11 12:00,0.0
2025-09-11 13:00,0.0
2025-09-11 14:00,0.0
2025-09-11 15:00,0.0
2025-09-11 16:00,0.0
2025-09-11 17:00,0.0
2025-09-11 18:00,1.6570269882906985
2025-09-11 19:00,2.333216975376646
2025-09-11 20:00,4.715478375853306
2025-09-11 21:00,4.502682974850057
2025-09-11 22:00,5.297427139901199
2025-09-11 23:00,5.159335779059047
2025-09-12 00:00,3.6920801183633642
2025-09-12 01:00,4.134745393972376
2025-09-12 02:00,4.026078758713766
2025-09-12 03:00,4.606823894312183
2025-09-12 04:00,5.90152530913577
2025-09-12 05:00,5.828566834535866
2025-09-12 06:00,6.040079144420143
2025-09-12 07:00,3.1185983399433295
2025-09-12 08:00,2.806539569536849
2025-09-12 09:00,1.596058183391045
2025-09-12 10:00,2.2999834077475136
2025-09-12 11:00,1.4204648458742273
2025-09-12 12:00,1.0812908567014718
2025-09-12 13:00,1.2040596536297892
2025-09-12 14:00,1.349027886060427
2025-09-12 15:00,2.815212374570526
2025-09-12 16:00,4.855629829807484
2025-09-12 17:00,3.737617603977909
2025-09-12 18:00,4.835166146476844
2025-09-12 19:00,5.551857667561039
2025-09-12 20:00,3.128164954719574
2025-09-12 21:00,3.9254361386854577
2025-09-12 22:00,8.364389031622604
2025-09-12 23:00,13.87785918236989
2025-09-13 00:00,28.57879825218719
2025-09-13 01:00,38.289134357010674
2025-09-13 02:00,43.70782697112639
2025-09-13 03:00,50.62903677460553
2025-09-13 04:00,51.48451552486801
2025-09-13 05:00,50.986057162274534
2025-09-13 06:00,53.480222062575876
2025-09-13 07:00,50.97656492287031
2025-09-13 08:00,51.182012806195345
2025-09-13 09:00,46.91728296429159
2025-09-13 10:00,41.027669828014595
2025-09-13 11:00,30.628364112513026
2025-09-13 12:00,17.12444896267944
2025-09-13 13:00,6.881098999513399
2025-09-13 14:00,3.4457002045451532
2025-09-13 15:00,0.17879410329065892
2025-09-13 16:00,0.7712651465905311
2025-09-13 17:00,0.5045591907928139
2025-09-13 18:00,0.9263185463567885
2025-09-13 19:00,0.5650190485144855
2025-09-13 20:00,0.4666250357656959
2025-09-13 21:00,1.9847419833276454
2025-09-13 22:00,1.9319913365548262
2025-09-13 23:00,2.383733010738522
2025-09-14 00:00,4.318175047291232
2025-09-14 01:00,4.135854383300087
2025-09-14 02:00,3.650390584240577
2025-09-14 03:00,5.435288910946447
2025-09-14 04:00,5.338951331352862
2025-09-14 05:00,3.0257547367764475
2025-09-14 06:00,3.4027308043534377
2025-09-14 07:00,0.786460890371489
2025-09-14 08:00,0.035834490268332964
2025-09-14 09:00,0.8924524330851589
2025-09-14 10:00,0.0
2025-09-14 11:00,0.0
2025-09-14 12:00,0.0
2025-09-14 13:00,0.0
2025-09-14 14:00,0.0
2025-09-14 15:00,0.0
2025-09-14 16:00,0.0
2025-09-14 17:00,0.0
2025-09-14 18:00,0.0
2025-09-14 19:00,0.18858359348612735
2025-09-14 20:00,0.8836886724858949
2025-09-14 21:00,0.95534031017168
2025-09-14 22:00,0.37998182826840454
2025-09-14 23:00,0.2441544363800065
2025-09-15 00:00,0.012409315738591465
2025-09-15 01:00,0.08576049166296135
2025-09-15 02:00,0.0
2025-09-15 03:00,0.05385829242271229
2025-09-15 04:00,0.1459513821186068
2025-09-15 05:00,0.0
2025-09-15 06:00,0.0
2025-09-15 07:00,0.0
2025-09-15 08:00,0.0
2025-09-15 09:00,0.0
2025-09-15 10:00,0.17621378187072648
2025-09-15 11:00,0.0
2025-09-15 12:00,0.0
2025-09-15 13:00,0.0
2025-09-15 14:00,0.0
2025-09-15 15:00,0.0
2025-09-15 16:00,0.0
2025-09-15 17:00,0.0
2025-09-15 18:00,0.0
2025-09-15 19:00,0.11167166470298835
2025-09-15 20:00,0.25472485237755005
2025-09-15 21:00,0.5184999145491218
2025-09-15 22:00,0.6187172842316434
2025-09-15 23:00,0.0
2025-09-16 00:00,0.0
2025-09-16 01:00,0.0
2025-09-16 02:00,0.0
2025-09-16 03:00,0.0
2025-09-16 04:00,0.0
2025-09-16 05:00,0.0
2025-09-16 06:00,0.0
2025-09-16 07:00,0.0
2025-09-16 08:00,0.7580915687326827
2025-09-16 09:00,2.5794671366506132
2025-09-16 10:00,4.326122219254759
2025-09-16 11:00,4.627250049497779
2025-09-16 12:00,1.7642400912586496
2025-09-16 13:00,6.057467459975466
2025-09-16 14:00,7.192010078231268
2025-09-16 15:00,11.182086800864722
2025-09-16 16:00,14.291303795207751
2025-09-16 17:00,15.124165234649228
2025-09-16 18:00,18.066878775486263
2025-09-16 19:00,17.14579125924337
2025-09-16 20:00,17.403195381113843
2025-09-16 21:00,20.31293556886814
2025-09-16 22:00,21.37412615738844
2025-09-16 23:00,30.539659216545232
2025-09-17 00:00,29.261999623677386
2025-09-17 01:00,31.029880468469095
2025-09-17 02:00,32.21601489110727
2025-09-17 03:00,31.067985778834462
2025-09-17 04:00,29.472065132181424
2025-09-17 05:00,25.631278715436988
2025-09-17 06:00,21.53719223614147
2025-09-17 07:00,23.76689008323072
2025-09-17 08:00,27.4787919418426
2025-09-17 09:00,20.265931790036742
2025-09-17 10:00,22.458529823420164
2025-09-17 11:00,24.74276010785987
2025-09-17 12:00,21.38525027264589
2025-09-17 13:00,18.198050465325977
2025-09-17 14:00,21.096654602863502
2025-09-17 15:00,17.817817216286038
2025-09-17 16:00,10.596454035503097
2025-09-17 17:00,12.830298328126622
2025-09-17 18:00,12.441503522000389
2025-09-17 19:00,13.816611902841126
2025-09-17 20:00,12.202264043995397
2025-09-17 21:00,10.037521682919918
2025-09-17 22:00,9.104859338921955
2025-09-17 23:00,8.199943705324003
2025-09-18 00:00,9.73639637369815
2025-09-18 01:00,8.216812035723168
2025-09-18 02:00,6.23210666378817
2025-09-18 03:00,7.202664245807789
2025-09-18 04:00,7.532220838312266
2025-09-18 05:00,7.642665850463653
2025-09-18 06:00,6.16275131154129
2025-09-18 07:00,3.1569770873191687
2025-09-18 08:00,2.8453966141704474
2025-09-18 09:00,0.7498173814863174
2025-09-18 10:00,0.4034270926811282
2025-09-18 11:00,0.19808530685561485
2025-09-18 12:00,0.8770110777315491
2025-09-18 13:00,0.16904351420792724
2025-09-18 14:00,0.009637965383741027
2025-09-18 15:00,0.09145328724087766
2025-09-18 16:00,0.0
2025-09-18 17:00,0.0
2025-09-18 18:00,0.0
2025-09-18 19:00,0.0
2025-09-18 20:00,0.7104897641026834
2025-09-18 21:00,0.4333657701437914
2025-09-18 22:00,1.5845225650361783
2025-09-18 23:00,1.2395756165522918
2025-09-19 00:00,0.6478070706350657
2025-09-19 01:00,1.7054141507838327
2025-09-19 02:00,4.331108537283006
2025-09-19 03:00,3.451697244950775
2025-09-19 04:00,3.4240013033521803
2025-09-19 05:00,2.3534749349507806
2025-09-19 06:00,1.801341455770547
2025-09-19 07:00,0.23507566202676897
2025-09-19 08:00,0.0
2025-09-19 09:00,0.0
2025-09-19 10:00,0.0
2025-09-19 11:00,0.0
2025-09-19 12:00,0.0
2025-09-19 13:00,0.5665597085932131
2025-09-19 14:00,0.25823217855938696
2025-09-19 15:00,0.0
2025-09-19 16:00,1.3676757575632803
2025-09-19 17:00,1.8528602578645152
2025-09-19 18:00,3.4248328919501723
2025-09-19 19:00,5.8370908318486014
2025-09-19 20:00,6.743846770480048
2025-09-19 21:00,11.196524474899102
2025-09-19 22:00,20.321833861018035
2025-09-19 23:00,24.386636140756185
2025-09-20 00:00,38.885673365118116
2025-09-20 01:00,40.86383077891265
2025-09-20 02:00,46.77350104456203
2025-09-20 03:00,49.218812649404235
2025-09-20 04:00,48.89706523346843
2025-09-20 05:00,47.60333869203734
2025-09-20 06:00,32.12906099531142
2025-09-20 07:00,24.520757950796284
2025-09-20 08:00,20.266374230163915
2025-09-20 09:00,10.12300972307112
2025-09-20 10:00,3.071115357260179
2025-09-20 11:00,5.661599782306854
2025-09-20 12:00,5.151491579734699
2025-09-20 13:00,7.5520587322314
2025-09-20 14:00,10.56795696532751
2025-09-20 15:00,9.466722252530172
2025-09-20 16:00,15.925642448740973
2025-09-20 17:00,18.458536416883568
2025-09-20 18:00,17.222236724668303
2025-09-20 19:00,15.68601817854442
2025-09-20 20:00,12.460817252788615
2025-09-20 21:00,6.65514166787506
2025-09-20 22:00,5.091785311621153
2025-09-20 23:00,3.348728779423079
2025-09-21 00:00,2.786943788621814
2025-09-21 01:00,2.3230445009439005
2025-09-21 02:00,3.428265910232167
2025-09-21 03:00,2.9875617188632737
2025-09-21 04:00,2.9373343162071284
2025-09-21 05:00,4.119913967160295
2025-09-21 06:00,5.360460908926095
2025-09-21 07:00,5.093092605666833
2025-09-21 08:00,5.6675302874430775
2025-09-21 09:00,5.683900956592496
2025-09-21 10:00,2.425436152547491
2025-09-21 11:00,1.8560917184203214
2025-09-21 12:00,2.4736642564583593
2025-09-21 13:00,3.316389640165443
2025-09-21 14:00,5.51135829438735
2025-09-21 15:00,10.647919184728595
2025-09-21 16:00,14.653840980768875
2025-09-21 17:00,15.128448127335
2025-09-21 18:00,15.643016989592683
2025-09-21 19:00,14.587518621948137
2025-09-21 20:00,12.905736272984436
2025-09-21 21:00,10.40475596946838
2025-09-21 22:00,7.1278084703520665
2025-09-21 23:00,5.038814295785941
2025-09-22 00:00,6.478942499650835
2025-09-22 01:00,5.401565123509191
2025-09-22 02:00,6.466362400992915
2025-09-22 03:00,6.43137040138224
2025-09-22 04:00,6.199081647695273
2025-09-22 05:00,6.283735968150142
2025-09-22 06:00,5.68515125236651
2025-09-22 07:00,3.943671787635934
2025-09-22 08:00,2.470612284427134
2025-09-22 09:00,0.4549331818276726
2025-09-22 10:00,0.0
2025-09-22 11:00,0.0
2025-09-22 12:00,0.0
2025-09-22 13:00,0.0
2025-09-22 14:00,0.0
2025-09-22 15:00,0.0
2025-09-22 16:00,0.08980976178141994
2025-09-22 17:00,1.0919360533332145
2025-09-22 18:00,3.7616557378806506
2025-09-22 19:00,3.1611781873683307
2025-09-22 20:00,4.037952216758555
2025-09-22 21:00,6.160607265519585
2025-09-22 22:00,5.988502106947073
2025-09-22 23:00,5.705999201020349
2025-09-23 00:00,5.754941246925308
2025-09-23 01:00,6.481315591600338
2025-09-23 02:00,6.156272156629706
2025-09-23 03:00,5.561165475237617
2025-09-23 04:00,5.18753272334026
2025-09-23 05:00,5.199126734410048
2025-09-23 06:00,4.156541151722816
2025-09-23 07:00,2.9721710706314224
2025-09-23 08:00,1.0325855220773763
2025-09-23 09:00,1.382382919223153
2025-09-23 10:00,0.665971554092567
2025-09-23 11:00,0.3933899993808009
2025-09-23 12:00,0.9704010954165452
2025-09-23 13:00,1.0149344665362126
2025-09-23 14:00,1.3864929085846298
2025-09-23 15:00,2.3741760543602637
2025-09-23 16:00,4.836779397524296
2025-09-23 17:00,6.754000159965464
2025-09-23 18:00,7.708924349052998
2025-09-23 19:00,6.160122702592719
2025-09-23 20:00,4.675944938874708
2025-09-23 21:00,2.5442274396941573
2025-09-23 22:00,2.753742873307601
2025-09-23 23:00,2.6906783690919105
2025-09-24 00:00,2.222514623726293
2025-09-24 01:00,2.9309990661988063
2025-09-24 02:00,2.586480767907269
2025-09-24 03:00,2.636560721287295
2025-09-24 04:00,2.8477279737931576
2025-09-24 05:00,3.6822009585549176
2025-09-24 06:00,2.0680372339383903
2025-09-24 07:00,1.875586286101718
2025-09-24 08:00,3.325453075118903
2025-09-24 09:00,2.556994661952634
2025-09-24 10:00,6.227945204642418
2025-09-24 11:00,11.518877948621922
2025-09-24 12:00,18.306956277942305
2025-09-24 13:00,18.59667825934321
2025-09-24 14:00,19.028591623125056
2025-09-24 15:00,23.699050032641157
2025-09-24 16:00,23.608686434497226
2025-09-24 17:00,21.39369180233179
2025-09-24 18:00,14.381723869377375
2025-09-24 19:00,15.957058995019771
2025-09-24 20:00,12.69340658567911
2025-09-24 21:00,13.126597609315489
2025-09-24 22:00,8.837753442950984
2025-09-24 23:00,7.736124746318507
2025-09-25 00:00,14.033218921909226
2025-09-25 01:00,9.787026706266353
2025-09-25 02:00,5.277932844302298
2025-09-25 03:00,3.425470719208591
2025-09-25 04:00,2.82372432571407
2025-09-25 05:00,4.26749551464488
2025-09-25 06:00,3.9581154382310175
2025-09-25 07:00,4.107471934497719
2025-09-25 08:00,3.2752230422067172
2025-09-25 09:00,3.47788724206447
2025-09-25 10:00,5.18836858279936
2025-09-25 11:00,2.4040270110590645
2025-09-25 12:00,2.4469925524767784
2025-09-25 13:00,0.14233834601816944
2025-09-25 14:00,0.0
2025-09-25 15:00,0.0
2025-09-25 16:00,0.0
2025-09-25 17:00,0.0
2025-09-25 18:00,0.08725360725771848
2025-09-25 19:00,0.40715017931805253
2025-09-25 20:00,0.16317374220927608
2025-09-25 21:00,0.9450428604501645
2025-09-25 22:00,1.05403284656195
2025-09-25 23:00,2.0900993336003117
2025-09-26 00:00,2.990071936590836
2025-09-26 01:00,3.5300836610865334
2025-09-26 02:00,4.677986699198251
2025-09-26 03:00,6.779125491159841
2025-09-26 04:00,8.044198880958154
2025-09-26 05:00,7.891255150802993
2025-09-26 06:00,7.290221876267377
2025-09-26 07:00,5.709977563902851
2025-09-26 08:00,4.9605376485625845
2025-09-26 09:00,3.3082794882253928
2025-09-26 10:00,0.6742422504160586
2025-09-26 11:00,0.0
2025-09-26 12:00,0.1321833296031989
2025-09-26 13:00,0.0
2025-09-26 14:00,0.3610135882552527
2025-09-26 15:00,1.4511720070286669
2025-09-26 16:00,3.5921900981122596
2025-09-26 17:00,3.8191455136606254
2025-09-26 18:00,3.8026954834504285
2025-09-26 19:00,4.427220164840032
2025-09-26 20:00,3.2858515501172856
2025-09-26 21:00,4.037122117686183
2025-09-26 22:00,3.7431802626983264
2025-09-26 23:00,4.084685432887083
2025-09-27 00:00,3.2520037287520225
2025-09-27 01:00,2.5551845541184632
2025-09-27 02:00,3.220277389361717
2025-09-27 03:00,3.408199275889679
2025-09-27 04:00,1.4983350248482334
2025-09-27 05:00,0.6886454793097194
2025-09-27 06:00,0.46232700070836186
2025-09-27 07:00,0.282205468166969
2025-09-27 08:00,0.13551910613128684
2025-09-27 09:00,0.0
2025-09-27 10:00,0.0
2025-09-27 11:00,2.3128654209760815
2025-09-27 12:00,0.10494618446389745
2025-09-27 13:00,3.132037459301108
2025-09-27 14:00,4.030383384607037
2025-09-27 15:00,4.0729479019341195
2025-09-27 16:00,4.604314884355794
2025-09-27 17:00,2.8936158362946265
2025-09-27 18:00,4.213613602712449
2025-09-27 19:00,4.473501752862544
2025-09-27 20:00,1.88400164229726
2025-09-27 21:00,1.0169755322002207
2025-09-27 22:00,0.6020302031396064
2025-09-27 23:00,0.6854535725135583
2025-09-28 00:00,0.0
2025-09-28 01:00,0.0
2025-09-28 02:00,0.0
2025-09-28 03:00,0.09417663894513836
2025-09-28 04:00,1.0030255080202026
2025-09-28 05:00,4.234486884759136
2025-09-28 06:00,4.650428599343797
2025-09-28 07:00,6.356092724549064
2025-09-28 08:00,7.6399045187400985
2025-09-28 09:00,11.992857152781436
2025-09-28 10:00,12.607295996340762
2025-09-28 11:00,14.034566439813231
2025-09-28 12:00,16.410031237762432
2025-09-28 13:00,9.65700834257483
2025-09-28 14:00,9.857939880004002
2025-09-28 15:00,5.280535641375551
2025-09-28 16:00,4.737326570375833
2025-09-28 17:00,1.8562307107757992
2025-09-28 18:00,1.4966686424213185
2025-09-28 19:00,2.1020084628694202
2025-09-28 20:00,3.0386237977466535
2025-09-28 21:00,4.825108854492296
2025-09-28 22:00,3.2356896538253967
2025-09-28 23:00,3.331626729097619
2025-09-29 00:00,1.2477298203023723
2025-09-29 01:00,3.5600604426771696
2025-09-29 02:00,0.7400645174881815
2025-09-29 03:00,4.240507879702774
2025-09-29 04:00,5.5283930392018865
2025-09-29 05:00,3.899331749818771
2025-09-29 06:00,2.4946937127509563
2025-09-29 07:00,1.5359516050881599
2025-09-29 08:00,1.7347000973611613
2025-09-29 09:00,1.1694205473191006
2025-09-29 10:00,1.3113597042121443
2025-09-29 11:00,0.28750067730762846
2025-09-29 12:00,0.17224733577512055
2025-09-29 13:00,0.0
2025-09-29 14:00,0.0
2025-09-29 15:00,0.0
2025-09-29 16:00,0.0
2025-09-29 17:00,0.0
2025-09-29 18:00,0.0
2025-09-29 19:00,1.2630398109761694
2025-09-29 20:00,1.213935945189843
2025-09-29 21:00,1.4550913350245365
2025-09-29 22:00,0.9867371942090196
2025-09-29 23:00,1.1680524656671365
2025-09-30 00:00,0.6349010939003569
2025-09-30 01:00,0.3318439473251758
2025-09-30 02:00,0.3276972832891935
2025-09-30 03:00,0.3417972163472303
2025-09-30 04:00,0.8434176134610442
2025-09-30 05:00,0.8140420999738492
2025-09-30 06:00,1.062858967941468
2025-09-30 07:00,0.673986381011363
2025-09-30 08:00,0.3381107876077214
2025-09-30 09:00,0.0
2025-09-30 10:00,0.0
2025-09-30 11:00,0.0
2025-09-30 12:00,0.0
2025-09-30 13:00,0.0
2025-09-30 14:00,0.2688856916957366
2025-09-30 15:00,0.8452385947076305
2025-09-30 16:00,1.154156519650735
2025-09-30 17:00,0.6420881415375441
2025-09-30 18:00,1.8645578563758995
2025-09-30 19:00,2.2544921067019437
2025-09-30 20:00,2.9145372884001888
2025-09-30 21:00,2.5229933982398873
2025-09-30 22:00,1.119270496855307
2025-09-30 23:00,2.8030193951726603
2025-10-01 00:00,3.013087355831905
2025-10-01 01:00,3.4860524822132923
2025-10-01 02:00,2.814008330426998
2025-10-01 03:00,2.875451909005306
2025-10-01 04:00,3.2438835899786236
2025-10-01 05:00,2.8331433809053865
2025-10-01 06:00,1.5442051223703666
2025-10-01 07:00,1.3334815844953036
2025-10-01 08:00,0.7592286190031451
2025-10-01 09:00,0.4864408379723124
2025-10-01 10:00,0.0
2025-10-01 11:00,0.0
2025-10-01 12:00,0.0
2025-10-01 13:00,0.0
2025-10-01 14:00,0.0
2025-10-01 15:00,0.3643360009644038
2025-10-01 16:00,1.4635566431261775
2025-10-01 17:00,2.9932661681994195
2025-10-01 18:00,3.0569882229555545
2025-10-01 19:00,6.497937908788331
2025-10-01 20:00,5.233916493541431
2025-10-01 21:00,1.6380933871600414
2025-10-01 22:00,1.5182903361602726
2025-10-01 23:00,2.0772227215186008
2025-10-02 00:00,1.0206570178280672
2025-10-02 01:00,0.9980335517420605
2025-10-02 02:00,1.0959957173617263
2025-10-02 03:00,1.7663073371117748
2025-10-02 04:00,1.401464016873893
2025-10-02 05:00,1.3660974017722691
2025-10-02 06:00,1.4704531975363255
2025-10-02 07:00,0.8645979243416185
2025-10-02 08:00,0.9647402113702096
2025-10-02 09:00,0.5670966219279617
2025-10-02 10:00,0.1596754100194888
2025-10-02 11:00,0.06517712840454874
2025-10-02 12:00,0.0
2025-10-02 13:00,0.30131228658968723
2025-10-02 14:00,1.399765149659289
2025-10-02 15:00,0.012088740440813284
2025-10-02 16:00,0.0
2025-10-02 17:00,0.0
2025-10-02 18:00,0.0
2025-10-02 19:00,0.3007812110585597
2025-10-02 20:00,0.5469641486254809
2025-10-02 21:00,0.9910006270477608
2025-10-02 22:00,0.9821627120154826
2025-10-02 23:00,1.4571642068994093
2025-10-03 00:00,3.944733791713744
2025-10-03 01:00,5.095134198055811
2025-10-03 02:00,3.288245545114033
2025-10-03 03:00,3.6569226737114167
2025-10-03 04:00,4.091309475900785
2025-10-03 05:00,4.415318660989031
2025-10-03 06:00,6.6025289041074835
2025-10-03 07:00,6.851490516004349
2025-10-03 08:00,5.228010699753549
2025-10-03 09:00,6.407508507867922
2025-10-03 10:00,8.4657919341803
2025-10-03 11:00,10.051945649138903
2025-10-03 12:00,10.875111997020554
2025-10-03 13:00,6.826328937113726
2025-10-03 14:00,7.74718095171989
2025-10-03 15:00,8.12861117574014
2025-10-03 16:00,10.053943103384958
2025-10-03 17:00,10.374887418181897
2025-10-03 18:00,14.673551495975913
2025-10-03 19:00,16.070263161241886
2025-10-03 20:00,17.757151603893607
2025-10-03 21:00,16.82951461779438
2025-10-03 22:00,16.255676026491674
2025-10-03 23:00,14.28912884699841
2025-10-04 00:00,9.811043977185367
2025-10-04 01:00,8.742926393394033
2025-10-04 02:00,5.824682576913676
2025-10-04 03:00,3.9425113568731276
2025-10-04 04:00,3.444756001193474
2025-10-04 05:00,2.594640957419237
2025-10-04 06:00,2.692033843051591
2025-10-04 07:00,1.4314027635502178
2025-10-04 08:00,1.1077630874756756
2025-10-04 09:00,1.0376304643083785
2025-10-04 10:00,2.4931274865341
2025-10-04 11:00,2.7768283771636866
2025-10-04 12:00,2.7745478421501892
2025-10-04 13:00,1.6673773768562463
2025-10-04 14:00,1.002728235133456
2025-10-04 15:00,0.8094388625039567
2025-10-04 16:00,1.2483368380299402
2025-10-04 17:00,1.1637874236801617
2025-10-04 18:00,1.1146637965726933
2025-10-04 19:00,0.18383124366025427
2025-10-04 20:00,0.32692617104564925
2025-10-04 21:00,0.8859857508254383
2025-10-04 22:00,1.4977275809663189
2025-10-04 23:00,0.7974786940422566
2025-10-05 00:00,0.6093574495767163
2025-10-05 01:00,0.24836899669607349
2025-10-05 02:00,0.07847718277296883
2025-10-05 03:00,0.05169200141583347
2025-10-05 04:00,0.11634420602331302
2025-10-05 05:00,1.0211805295532213
2025-10-05 06:00,0.5306223259410962
2025-10-05 07:00,0.0
2025-10-05 08:00,0.0
2025-10-05 09:00,0.0
2025-10-05 10:00,0.0
2025-10-05 11:00,0.5317695547174903
2025-10-05 12:00,0.35716495818243865
2025-10-05 13:00,1.1731229632720228
2025-10-05 14:00,0.6006710729138554
2025-10-05 15:00,0.6035019436195544
2025-10-05 16:00,0.8773558318046981
2025-10-05 17:00,0.0
2025-10-05 18:00,0.0
2025-10-05 19:00,0.0
2025-10-05 20:00,0.1843129409413519
2025-10-05 21:00,0.2367144851521202
2025-10-05 22:00,0.4780128491040142
2025-10-05 23:00,0.3164739186664179
2025-10-06 00:00,0.0
2025-10-06 01:00,0.0
2025-10-06 02:00,0.0
2025-10-06 03:00,0.0
2025-10-06 04:00,0.35465480380667497
2025-10-06 05:00,0.0
2025-10-06 06:00,0.23675269387377326
2025-10-06 07:00,0.9209077073970665
2025-10-06 08:00,0.8095019667299066
2025-10-06 09:00,1.9454318575079241
2025-10-06 10:00,4.43259768732762
2025-10-06 11:00,6.0606613386968515
2025-10-06 12:00,8.31858832884173
2025-10-06 13:00,7.69603925130716
2025-10-06 14:00,7.189486025864297
2025-10-06 15:00,8.049827758541586
2025-10-06 16:00,7.239567357092311
2025-10-06 17:00,11.240753175862755
2025-10-06 18:00,13.580218640349043
2025-10-06 19:00,20.12680960738312
2025-10-06 20:00,27.876875980483
2025-10-06 21:00,29.919434773104054
2025-10-06 22:00,36.00370113282429
2025-10-06 23:00,37.277166509007515
2025-10-07 00:00,36.99002785988764
2025-10-07 01:00,36.11591492696554
2025-10-07 02:00,32.72425943386259
2025-10-07 03:00,34.319016682078406
2025-10-07 04:00,33.01587867440494
2025-10-07 05:00,29.9199438338992
2025-10-07 06:00,18.85368902406635
2025-10-07 07:00,8.82762391315881
2025-10-07 08:00,4.274004082911082
2025-10-07 09:00,2.6876241217093892
2025-10-07 10:00,1.6327954506553908
2025-10-07 11:00,0.4935687674985578
2025-10-07 12:00,0.07992833927251163
2025-10-07 13:00,1.1274581962858332
2025-10-07 14:00,1.0784101215038295
2025-10-07 15:00,3.7125000098130605
2025-10-07 16:00,5.160051196602418
2025-10-07 17:00,6.160688081241218
2025-10-07 18:00,5.843600720705379
2025-10-07 19:00,4.820727839608216
2025-10-07 20:00,3.35271955228052
2025-10-07 21:00,2.3922100303837843
2025-10-07 22:00,1.9741311431368918
2025-10-07 23:00,1.6821386471756168
2025-10-08 00:00,2.023462496125512
2025-10-08 01:00,3.063269542115464
2025-10-08 02:00,3.979116740575638
2025-10-08 03:00,4.58690954042057
2025-10-08 04:00,5.959290780753755
2025-10-08 05:00,7.940606902542482
2025-10-08 06:00,8.04665200066863
2025-10-08 07:00,6.468394134315949
2025-10-08 08:00,8.091736535578686
2025-10-08 09:00,4.368041170975244
2025-10-08 10:00,4.867316273857845
2025-10-08 11:00,5.508324509009012
2025-10-08 12:00,4.6557633027450605
2025-10-08 13:00,4.81587581560092
2025-10-08 14:00,4.384200271506169
2025-10-08 15:00,3.6047055617810346
2025-10-08 16:00,6.363999201905947
2025-10-08 17:00,7.012490076614667
2025-10-08 18:00,7.204378214274343
2025-10-08 19:00,6.013193499780349
2025-10-08 20:00,5.172172836389086
2025-10-08 21:00,5.126009006379483
2025-10-08 22:00,3.8713210088081778
2025-10-08 23:00,5.757434172387223
2025-10-09 00:00,1.8468147786707225
2025-10-09 01:00,1.8108310438548758
2025-10-09 02:00,2.0871858870242996
2025-10-09 03:00,2.256884844960575
2025-10-09 04:00,3.3378867929678253
2025-10-09 05:00,3.7214992618772613
2025-10-09 06:00,5.096336869071637
2025-10-09 07:00,3.6757184755507475
2025-10-09 08:00,2.839765211507762
2025-10-09 09:00,0.6210877804280268
2025-10-09 10:00,0.027591845211168017
2025-10-09 11:00,0.0
2025-10-09 12:00,0.0
2025-10-09 13:00,0.0
2025-10-09 14:00,0.0
2025-10-09 15:00,0.0
2025-10-09 16:00,0.0
2025-10-09 17:00,1.902549626645479
2025-10-09 18:00,4.419823184497984
2025-10-09 19:00,3.6280667437687097
2025-10-09 20:00,4.63607784680059
2025-10-09 21:00,6.21800020671722
2025-10-09 22:00,5.658947261539519
2025-10-09 23:00,4.929052465275929
2025-10-10 00:00,4.544614534552039
2025-10-10 01:00,4.624867942544764
2025-10-10 02:00,5.1942585117516185
2025-10-10 03:00,4.584055976498373
2025-10-10 04:00,4.55164326343556
2025-10-10 05:00,4.127252682034747
2025-10-10 06:00,2.131006269471802
2025-10-10 07:00,0.741335840738192
2025-10-10 08:00,0.0
2025-10-10 09:00,0.0
2025-10-10 10:00,0.0
2025-10-10 11:00,0.0
2025-10-10 12:00,0.0
2025-10-10 13:00,0.0
2025-10-10 14:00,0.0
2025-10-10 15:00,0.0
2025-10-10 16:00,0.0
2025-10-10 17:00,0.0
2025-10-10 18:00,0.0
2025-10-10 19:00,0.9172508584905538
2025-10-10 20:00,2.146724474666676
2025-10-10 21:00,1.790058614088025
2025-10-10 22:00,4.914458556290486
2025-10-10 23:00,2.1336655805937066
2025-10-11 00:00,4.960934142667147
2025-10-11 01:00,3.895934810926872
2025-10-11 02:00,4.704543558769565
2025-10-11 03:00,7.102629094978731
2025-10-11 04:00,1.7161977727048536
2025-10-11 05:00,1.7787674779673757
2025-10-11 06:00,1.7014519545021205
2025-10-11 07:00,0.8698694470046113
2025-10-11 08:00,4.269421466025549
2025-10-11 09:00,4.541296608135284
2025-10-11 10:00,1.6787030844546418
2025-10-11 11:00,0.9996581782821419
2025-10-11 12:00,2.4349185655820755
2025-10-11 13:00,2.4255678636426485
2025-10-11 14:00,1.0256563264093106
2025-10-11 15:00,1.6400108991683966
2025-10-11 16:00,2.678367059293889
2025-10-11 17:00,3.435268492005181
2025-10-11 18:00,5.670077215501055
2025-10-11 19:00,5.520870446084758
2025-10-11 20:00,10.295807685658687
2025-10-11 21:00,9.964392825026279
2025-10-11 22:00,6.580675326961644
2025-10-11 23:00,11.104402616475147
2025-10-12 00:00,7.442468814478766
2025-10-12 01:00,9.765211867116482
2025-10-12 02:00,4.549917438379223
2025-10-12 03:00,5.549450607470547
2025-10-12 04:00,5.221821321874455
2025-10-12 05:00,2.148243355037787
2025-10-12 06:00,3.955553141535615
2025-10-12 07:00,1.1125243216460323
2025-10-12 08:00,0.6814035075786081
2025-10-12 09:00,0.5092819995243202
2025-10-12 10:00,0.7837602038461817
2025-10-12 11:00,0.5677976751126504
2025-10-12 12:00,0.26731580797111226
2025-10-12 13:00,0.2515261871948582
2025-10-12 14:00,0.0
2025-10-12 15:00,0.09109048272867107
2025-10-12 16:00,0.4012165828802949
2025-10-12 17:00,0.7679058532114449
2025-10-12 18:00,1.2890029625923058
2025-10-12 19:00,2.052361714444023
2025-10-12 20:00,0.17893046058457032
2025-10-12 21:00,1.5047076189907431
2025-10-12 22:00,0.043061767348271676
2025-10-12 23:00,0.7774731437936955
2025-10-13 00:00,1.2539400401389178
2025-10-13 01:00,1.0583755020810905
2025-10-13 02:00,0.8667724942968371
2025-10-13 03:00,1.161582132909594
2025-10-13 04:00,0.8337216615088305
2025-10-13 05:00,0.5482817284710745
2025-10-13 06:00,1.3778180478288824
2025-10-13 07:00,2.509726579829232
2025-10-13 08:00,4.912754684487794
2025-10-13 09:00,5.382927459024931
2025-10-13 10:00,6.239488801524205
2025-10-13 11:00,11.030178985716306
2025-10-13 12:00,10.79251642024696
2025-10-13 13:00,13.286567637133501
2025-10-13 14:00,17.581092367864727
2025-10-13 15:00,23.71497028379043
2025-10-13 16:00,27.3962743352365
2025-10-13 17:00,24.55572780062299
2025-10-13 18:00,17.140539936607247
2025-10-13 19:00,20.26082449412733
2025-10-13 20:00,18.123549825763448
2025-10-13 21:00,11.131236182506587
2025-10-13 22:00,8.4292541256143
2025-10-13 23:00,7.401831939611804
2025-10-14 00:00,1.402856415990681
2025-10-14 01:00,2.1833486792736436
2025-10-14 02:00,1.5313680058492078
2025-10-14 03:00,2.122550440197026
2025-10-14 04:00,2.325706780233224
2025-10-14 05:00,3.4175409733504822
2025-10-14 06:00,3.871075272640408
2025-10-14 07:00,4.082765565940182
2025-10-14 08:00,3.767270251224916
2025-10-14 09:00,5.350587687278306
2025-10-14 10:00,4.035010961473879
2025-10-14 11:00,2.670843856783477
2025-10-14 12:00,2.439166199232526
2025-10-14 13:00,1.9367068132345029
2025-10-14 14:00,0.702751112366199
2025-10-14 15:00,1.5609518783603784
2025-10-14 16:00,1.3272259305208256
2025-10-14 17:00,1.9978738141393269
2025-10-14 18:00,2.7267167025851573
2025-10-14 19:00,2.564632582359049
2025-10-14 20:00,1.887179940020487
2025-10-14 21:00,3.8803607169422443
2025-10-14 22:00,2.9296371800395185
2025-10-14 23:00,3.1856721777389425
2025-10-15 00:00,2.1988685199711755
2025-10-15 01:00,2.7543295799231644
2025-10-15 02:00,3.3956447205687414
2025-10-15 03:00,4.729607702666731
2025-10-15 04:00,4.493265753241352
2025-10-15 05:00,4.939044532019356
2025-10-15 06:00,3.8661765361354186
2025-10-15 07:00,2.822150138238499
2025-10-15 08:00,2.2441014351146706
2025-10-15 09:00,0.9857580641654433
2025-10-15 10:00,0.3837770661884091
2025-10-15 11:00,0.0
2025-10-15 12:00,0.09885400174737832
2025-10-15 13:00,0.07742901781997458
2025-10-15 14:00,0.0
2025-10-15 15:00,0.0
2025-10-15 16:00,0.42252490480264837
2025-10-15 17:00,0.7957476869883113
2025-10-15 18:00,1.3016653376634684
2025-10-15 19:00,2.613453480467007
2025-10-15 20:00,3.614598921987731
2025-10-15 21:00,9.955264587176947
2025-10-15 22:00,13.135226783295987
2025-10-15 23:00,20.793897463248
2025-10-16 00:00,25.663275644584207
2025-10-16 01:00,38.08045466728834
2025-10-16 02:00,38.681936288134956
2025-10-16 03:00,39.55748380242391
2025-10-16 04:00,34.98157500473868
2025-10-16 05:00,37.13199916391724
2025-10-16 06:00,30.575277488235567
2025-10-16 07:00,22.581047870767797
2025-10-16 08:00,18.82132669030981
2025-10-16 09:00,7.075078204227308
2025-10-16 10:00,5.953758200495839
2025-10-16 11:00,3.909427791972796
2025-10-16 12:00,4.455010493446788
2025-10-16 13:00,6.862363858499133
2025-10-16 14:00,11.659180519272095
2025-10-16 15:00,10.427166075951101
2025-10-16 16:00,10.99248904940648
2025-10-16 17:00,13.101932356960596
2025-10-16 18:00,15.712619460199956
2025-10-16 19:00,17.986304246289052
2025-10-16 20:00,15.83295947024958
2025-10-16 21:00,12.070010441013403
2025-10-16 22:00,14.506133368847886
2025-10-16 23:00,13.903497116333716
2025-10-17 00:00,7.953616399071603
2025-10-17 01:00,5.867601417114841
2025-10-17 02:00,6.21932253441727
2025-10-17 03:00,4.4108645331250615
2025-10-17 04:00,3.770348150002827
2025-10-17 05:00,3.800079954159671
2025-10-17 06:00,2.3141939788899992
2025-10-17 07:00,1.817039249057101
2025-10-17 08:00,0.7382277701103566
2025-10-17 09:00,0.5118891796276579
2025-10-17 10:00,0.0
2025-10-17 11:00,0.0
2025-10-17 12:00,0.0
2025-10-17 13:00,0.0
2025-10-17 14:00,0.0
2025-10-17 15:00,0.0
2025-10-17 16:00,0.9544616967463797
2025-10-17 17:00,1.4581348863221335
2025-10-17 18:00,1.8041335638905782
2025-10-17 19:00,1.6893429641012545
2025-10-17 20:00,4.956838213023086
2025-10-17 21:00,3.666980434402102
2025-10-17 22:00,8.79218569341743
2025-10-17 23:00,9.707887283813843
2025-10-18 00:00,12.016569619596376
2025-10-18 01:00,22.70623804550528
2025-10-18 02:00,23.44102384029912
2025-10-18 03:00,22.70209444061834
2025-10-18 04:00,24.367738800697996
2025-10-18 05:00,25.92154323344432
2025-10-18 06:00,25.282402369435314
2025-10-18 07:00,16.194403965298786
2025-10-18 08:00,9.767127576781835
2025-10-18 09:00,18.241671950367103
2025-10-18 10:00,24.210452395488044
2025-10-18 11:00,24.403553236541327
2025-10-18 12:00,24.381019138907757
2025-10-18 13:00,23.965435196370514
2025-10-18 14:00,22.098376831150127
2025-10-18 15:00,21.612517224682257
2025-10-18 16:00,20.594700399123045
2025-10-18 17:00,19.016900583287473
2025-10-18 18:00,17.293734996507396
2025-10-18 19:00,14.25200748987607
2025-10-18 20:00,13.497361198785782
2025-10-18 21:00,7.801185226124411
2025-10-18 22:00,8.544474465383034
2025-10-18 23:00,7.101559306915031
2025-10-19 00:00,6.712227433303015
2025-10-19 01:00,5.934353711675203
2025-10-19 02:00,4.841397349505091
2025-10-19 03:00,5.573393551008278
2025-10-19 04:00,4.516045945652132
2025-10-19 05:00,4.461536866222502
2025-10-19 06:00,4.044020042678211
2025-10-19 07:00,1.8418818496721359
2025-10-19 08:00,2.557372599098706
2025-10-19 09:00,1.4046867246605237
2025-10-19 10:00,0.23680492225087496
2025-10-19 11:00,0.5009640373858592
2025-10-19 12:00,0.4470337526034272
2025-10-19 13:00,0.7324693293806857
2025-10-19 14:00,5.00175403068149
2025-10-19 15:00,9.881372041511739
2025-10-19 16:00,20.386177664523476
2025-10-19 17:00,24.39792801607465
2025-10-19 18:00,33.56223297665295
2025-10-19 19:00,32.96982497170757
2025-10-19 20:00,40.21900723866793
2025-10-19 21:00,40.66880618456611
2025-10-19 22:00,42.51846443259916
2025-10-19 23:00,41.891589421319054
2025-10-20 00:00,43.243304789572996
2025-10-20 01:00,41.82314800191548
2025-10-20 02:00,42.447215668486116
2025-10-20 03:00,41.514163120697624
2025-10-20 04:00,41.712785680115125
2025-10-20 05:00,43.279736198328166
2025-10-20 06:00,42.33817637353911
2025-10-20 07:00,37.190645636201126
2025-10-20 08:00,34.536273569581155
2025-10-20 09:00,33.44831669113994
2025-10-20 10:00,30.06001999383106
2025-10-20 11:00,27.615815403366284
2025-10-20 12:00,26.154752454118103
2025-10-20 13:00,27.95025469182893
2025-10-20 14:00,28.61552982145671
2025-10-20 15:00,28.385190032740326
2025-10-20 16:00,33.30195220570734
2025-10-20 17:00,33.90175847893133
2025-10-20 18:00,35.417157541769285
2025-10-20 19:00,35.809085881839195
2025-10-20 20:00,29.370674726850346
2025-10-20 21:00,35.986933442406524
2025-10-20 22:00,33.787026048501204
2025-10-20 23:00,28.270040870841996
2025-10-21 00:00,20.885013263659996
2025-10-21 01:00,20.24669630329836
2025-10-21 02:00,21.885299696211085
2025-10-21 03:00,21.61632345698083
2025-10-21 04:00,21.651857628611687
2025-10-21 05:00,19.763890164457404
2025-10-21 06:00,17.683266000223302
2025-10-21 07:00,15.366569697674489
2025-10-21 08:00,17.638906109445873
2025-10-21 09:00,16.035334627080292
2025-10-21 10:00,12.33732456017133
2025-10-21 11:00,16.082228136333224
2025-10-21 12:00,14.660473252567924
2025-10-21 13:00,21.12741260441549
2025-10-21 14:00,23.27966421120029
2025-10-21 15:00,26.44052066912721
2025-10-21 16:00,33.34182221908988
2025-10-21 17:00,32.52913400180287
2025-10-21 18:00,33.765195460707005
2025-10-21 19:00,33.31975017235179
2025-10-21 20:00,31.839974688284933
2025-10-21 21:00,29.02642773740222
2025-10-21 22:00,26.369224419844446
2025-10-21 23:00,24.74386513472037
2025-10-22 00:00,20.974161847338483
2025-10-22 01:00,20.09224143816225
2025-10-22 02:00,17.052059224492595
2025-10-22 03:00,16.323627566594865
2025-10-22 04:00,15.312707623784272
2025-10-22 05:00,16.736200854877655
2025-10-22 06:00,15.958031011784367
2025-10-22 07:00,13.53744144413071
2025-10-22 08:00,9.139746069159532
2025-10-22 09:00,6.003232005395235
2025-10-22 10:00,3.6712839683713416
2025-10-22 11:00,3.381271569248732
2025-10-22 12:00,2.8390106831786173
2025-10-22 13:00,4.6032642373493315
2025-10-22 14:00,4.644145902115418
2025-10-22 15:00,7.279826840668725
2025-10-22 16:00,8.556215324376558
2025-10-22 17:00,6.11645118002488
2025-10-22 18:00,10.020450542602966
2025-10-22 19:00,11.890832419149502
2025-10-22 20:00,11.800777567957613
2025-10-22 21:00,9.451506460402742
2025-10-22 22:00,8.622949986642402
2025-10-22 23:00,6.404614557547306
2025-10-23 00:00,5.318363583889655
2025-10-23 01:00,5.092463300414181
2025-10-23 02:00,5.947912591495057
2025-10-23 03:00,7.216311081632564
2025-10-23 04:00,9.052402132226987
2025-10-23 05:00,8.412338440860063
2025-10-23 06:00,8.518192991276031
2025-10-23 07:00,6.870666544688734
2025-10-23 08:00,3.6172731191129164
2025-10-23 09:00,2.4933459982266872
2025-10-23 10:00,1.2771353111790171
2025-10-23 11:00,0.503866303583232
2025-10-23 12:00,0.07595680189493287
2025-10-23 13:00,0.0
2025-10-23 14:00,0.2837327792700463
2025-10-23 15:00,1.7608923870315374
2025-10-23 16:00,6.988774192750603
2025-10-23 17:00,9.3952986452928
2025-10-23 18:00,10.443843296920843
2025-10-23 19:00,9.918687010359731
2025-10-23 20:00,11.921293898245933
2025-10-23 21:00,10.960201465283985
2025-10-23 22:00,10.160403595696321
2025-10-23 23:00,8.074389362263704
2025-10-24 00:00,9.709659377396454
2025-10-24 01:00,13.047567424355103
2025-10-24 02:00,9.057593837028412
2025-10-24 03:00,10.942892488315923
2025-10-24 04:00,10.530572311415554
2025-10-24 05:00,10.518695181247116
2025-10-24 06:00,7.749642245753398
2025-10-24 07:00,6.216481290147689
2025-10-24 08:00,3.951096478254391
2025-10-24 09:00,5.568367401447061
2025-10-24 10:00,3.051127156569098
2025-10-24 11:00,1.5270925959730492
2025-10-24 12:00,0.38790023836081383
2025-10-24 13:00,0.49837418050284066
2025-10-24 14:00,0.9392484749449412
2025-10-24 15:00,1.2922316266234906
2025-10-24 16:00,4.9512780518488375
2025-10-24 17:00,6.386356244903662
2025-10-24 18:00,8.710321421413186
2025-10-24 19:00,8.649827530317873
2025-10-24 20:00,8.975101973002417
2025-10-24 21:00,8.061656912918398
2025-10-24 22:00,7.755634585967712
2025-10-24 23:00,6.048766462559372
2025-10-25 00:00,2.392825596432854
2025-10-25 01:00,2.3858505136627355
2025-10-25 02:00,3.87687392484672
2025-10-25 03:00,1.8529257759710436
2025-10-25 04:00,2.0285084651250225
2025-10-25 05:00,4.320691046292818
2025-10-25 06:00,2.389015964971009
2025-10-25 07:00,3.9513836352476885
2025-10-25 08:00,3.8774552249871665
2025-10-25 09:00,7.208143573306258
2025-10-25 10:00,3.9491001926099236
2025-10-25 11:00,3.062805975102283
2025-10-25 12:00,3.174995969007481
2025-10-25 13:00,3.8846756388334636
2025-10-25 14:00,4.320813137432048
2025-10-25 15:00,8.553654456906298
2025-10-25 16:00,13.075012397939393
2025-10-25 17:00,16.263380738133158
2025-10-25 18:00,17.839985645875874
2025-10-25 19:00,18.711417409151082
2025-10-25 20:00,16.92761194094522
2025-10-25 21:00,13.750941556989243
2025-10-25 22:00,11.815247199794138
2025-10-25 23:00,8.938394004298369
2025-10-26 00:00,5.713140913467505
2025-10-26 01:00,7.344945094192186
2025-10-26 02:00,5.911627814427873
2025-10-26 03:00,6.39422157977733
2025-10-26 04:00,8.69492239902235
2025-10-26 05:00,10.862581818716185
2025-10-26 06:00,6.900539637950827
2025-10-26 07:00,4.380444330483622
2025-10-26 08:00,1.71702774113534
2025-10-26 09:00,1.573738003017964
2025-10-26 10:00,2.4483237859469127
2025-10-26 11:00,0.19338929003752822
2025-10-26 12:00,3.190479142980043
2025-10-26 13:00,10.882229221845417
2025-10-26 14:00,12.43628177326924
2025-10-26 15:00,17.30853850317182
2025-10-26 16:00,20.968034395810506
2025-10-26 17:00,20.82983086916712
2025-10-26 18:00,19.750185413279635
2025-10-26 19:00,18.35504000906361
2025-10-26 20:00,14.00493346688756
2025-10-26 21:00,15.808894343907836
2025-10-26 22:00,11.408426080715302
2025-10-26 23:00,22.307813503469767
2025-10-27 00:00,22.9319235543856
2025-10-27 01:00,28.547227652644246
2025-10-27 02:00,39.82681272923059
2025-10-27 03:00,47.868126749574195
2025-10-27 04:00,49.790841015005334
2025-10-27 05:00,50.80552360781323
2025-10-27 06:00,47.758797704732615
2025-10-27 07:00,45.61574657062795
2025-10-27 08:00,37.9259658780492
2025-10-27 09:00,26.923885556292465
2025-10-27 10:00,23.060339006161552
2025-10-27 11:00,16.46583249662419
2025-10-27 12:00,20.854713383352966
2025-10-27 13:00,24.733042885036802
2025-10-27 14:00,22.593241607632102
2025-10-27 15:00,23.616332164914645
2025-10-27 16:00,31.072934338669302
2025-10-27 17:00,26.825836734561015
2025-10-27 18:00,22.807030630928026
2025-10-27 19:00,19.618191751865353
2025-10-27 20:00,15.082729171149461
2025-10-27 21:00,15.773653119320212
2025-10-27 22:00,12.228294662340279
2025-10-27 23:00,8.178454424729452
2025-10-28 00:00,12.95674286175115
2025-10-28 01:00,15.515671419752284
2025-10-28 02:00,12.929579461749903
2025-10-28 03:00,10.913143487983763
2025-10-28 04:00,16.565466782705034
2025-10-28 05:00,22.81275915226669
2025-10-28 06:00,23.451837481825645
2025-10-28 07:00,22.81571444157373
2025-10-28 08:00,17.60805404404498
2025-10-28 09:00,12.626496541820275
2025-10-28 10:00,13.310626435756435
2025-10-28 11:00,10.12447899314573
2025-10-28 12:00,9.184939952712782
2025-10-28 13:00,6.1127975145549724
2025-10-28 14:00,4.795968017149721
2025-10-28 15:00,4.561607014268259
2025-10-28 16:00,2.5377786394668314
2025-10-28 17:00,1.678095671771286
2025-10-28 18:00,2.1344137455643852
2025-10-28 19:00,3.193392688071374
2025-10-28 20:00,4.047156457570865
2025-10-28 21:00,4.1729370792326606
2025-10-28 22:00,4.007193374826379
2025-10-28 23:00,5.221532123154779
2025-10-29 00:00,12.522248795241495
2025-10-29 01:00,13.905399690676155
2025-10-29 02:00,14.956928140582228
2025-10-29 03:00,14.570967993327109
2025-10-29 04:00,15.00202547757604
2025-10-29 05:00,13.77901274294115
2025-10-29 06:00,14.43212674103736
2025-10-29 07:00,13.758406662202432
2025-10-29 08:00,8.836612102035009
2025-10-29 09:00,4.437636180649156
2025-10-29 10:00,2.39258656398107
2025-10-29 11:00,0.4732401433575717
2025-10-29 12:00,0.6028326440548096
2025-10-29 13:00,0.76407646822692
2025-10-29 14:00,0.6885149056391426
2025-10-29 15:00,0.9620325581207984
2025-10-29 16:00,1.0898921999707663
2025-10-29 17:00,1.8644760074932816
2025-10-29 18:00,3.444638165792933
2025-10-29 19:00,4.648364401495153
2025-10-29 20:00,5.091123588721034
2025-10-29 21:00,5.679039642153809
2025-10-29 22:00,4.733264670360199
2025-10-29 23:00,3.24329725229865
2025-10-30 00:00,6.9937730646653185
2025-10-30 01:00,8.626501401418857
2025-10-30 02:00,9.471286291429069
2025-10-30 03:00,8.86572724509784
2025-10-30 04:00,7.061079072092585
2025-10-30 05:00,9.945055160235727
2025-10-30 06:00,8.176525052424898
2025-10-30 07:00,5.607346959824643
2025-10-30 08:00,3.7392677198802757
2025-10-30 09:00,2.1984934348843743
2025-10-30 10:00,1.5480720159582526
2025-10-30 11:00,0.8424469663972529
2025-10-30 12:00,0.9872984309191463
2025-10-30 13:00,0.0
2025-10-30 14:00,0.0
2025-10-30 15:00,0.6754845803707211
2025-10-30 16:00,0.48428675461801896
2025-10-30 17:00,2.0242498168623446
2025-10-30 18:00,3.1935720516155413
2025-10-30 19:00,5.046547520878255
2025-10-30 20:00,6.555405108235373
2025-10-30 21:00,4.884898287672772
2025-10-30 22:00,4.173923627900441
2025-10-30 23:00,4.788948388292176
2025-10-31 00:00,7.09434256592126
2025-10-31 01:00,6.152021415852195
2025-10-31 02:00,8.072571776025322
2025-10-31 03:00,11.09108145613031
2025-10-31 04:00,9.096198298846685
2025-10-31 05:00,11.255218054419455
2025-10-31 06:00,10.21389725194076
2025-10-31 07:00,9.072338016946063
2025-10-31 08:00,2.939919713165136
2025-10-31 09:00,2.1920023985834107
2025-10-31 10:00,1.2139045002484707
2025-10-31 11:00,0.23532243975112535
2025-10-31 12:00,0.0
2025-10-31 13:00,0.0
2025-10-31 14:00,0.0
2025-10-31 15:00,2.0198293672346126
2025-10-31 16:00,1.9695109594596576
2025-10-31 17:00,2.0603362380956516
2025-10-31 18:00,5.749205146802795
2025-10-31 19:00,5.965814798599631
2025-10-31 20:00,7.606548294624809
2025-10-31 21:00,6.4792296948936485
2025-10-31 22:00,6.574608547209682
2025-10-31 23:00,11.245204506207852
2025-11-01 00:00,7.410504136561916
2025-11-01 01:00,8.696117511706488
2025-11-01 02:00,7.54509552350046
2025-11-01 03:00,5.742684452432688
2025-11-01 04:00,8.012569815402204
2025-11-01 05:00,17.065149915925723
2025-11-01 06:00,10.07558224932869
2025-11-01 07:00,13.590790855507198
2025-11-01 08:00,13.161470730440413
2025-11-01 09:00,14.892759269065666
2025-11-01 10:00,12.26336668607337
2025-11-01 11:00,13.768177186207968
2025-11-01 12:00,14.53197129118654
2025-11-01 13:00,15.896233009545957
2025-11-01 14:00,12.747270324498043
2025-11-01 15:00,13.977224538100849
2025-11-01 16:00,10.355481809275005
2025-11-01 17:00,16.463467854332833
2025-11-01 18:00,12.922856971685599
2025-11-01 19:00,13.334247960857313
2025-11-01 20:00,13.945680358480699
2025-11-01 21:00,18.593170894596536
2025-11-01 22:00,18.811477802132917
2025-11-01 23:00,22.563598620937213
2025-11-02 00:00,22.94403036575149
2025-11-02 01:00,22.571450797707993
2025-11-02 02:00,23.60113793651407
2025-11-02 03:00,26.760782706817604
2025-11-02 04:00,27.776428782097508
2025-11-02 05:00,26.523862353776575
2025-11-02 06:00,24.089989416242762
2025-11-02 07:00,29.625344210376547
2025-11-02 08:00,39.17879229235379
2025-11-02 09:00,41.53841420716563
2025-11-02 10:00,45.9265996338804
2025-11-02 11:00,40.29234628510993
2025-11-02 12:00,41.47618650076757
2025-11-02 13:00,45.94030199246872
2025-11-02 14:00,47.76129268229725
2025-11-02 15:00,46.7560368363428
2025-11-02 16:00,54.29640217178837
2025-11-02 17:00,54.71160007702085
2025-11-02 18:00,52.43073944660746
2025-11-02 19:00,56.433893403037516
2025-11-02 20:00,52.50714693990662
2025-11-02 21:00,54.989190424123876
2025-11-02 22:00,50.07604447260816
2025-11-02 23:00,49.41474734581686
2025-11-03 00:00,43.96348265506935
2025-11-03 01:00,42.0760397719936
2025-11-03 02:00,37.28886868455161
2025-11-03 03:00,32.337980963802615
2025-11-03 04:00,28.69816528830486
2025-11-03 05:00,22.766298935273237
2025-11-03 06:00,14.31685201177725
2025-11-03 07:00,9.88078459405101
2025-11-03 08:00,6.132099599317421
2025-11-03 09:00,3.5202040511352934
2025-11-03 10:00,3.722804099339337
2025-11-03 11:00,2.741443460438664
2025-11-03 12:00,2.1273342360202316
2025-11-03 13:00,1.3259805974665906
2025-11-03 14:00,1.0615911526608564
2025-11-03 15:00,0.4549373117775483
2025-11-03 16:00,0.7192750517064587
2025-11-03 17:00,2.603854083233292
2025-11-03 18:00,3.4576285790082433
2025-11-03 19:00,5.07536818686564
2025-11-03 20:00,6.346100073503265
2025-11-03 21:00,4.2151667467775
2025-11-03 22:00,5.501918273169262
2025-11-03 23:00,3.9646230920436527
2025-11-04 00:00,4.9092627450472275
2025-11-04 01:00,3.655933079250901
2025-11-04 02:00,4.135602764989743
2025-11-04 03:00,4.59123017460732
2025-11-04 04:00,6.279985956343377
2025-11-04 05:00,7.512455800342617
2025-11-04 06:00,7.644390185853056
2025-11-04 07:00,5.476306682107633
2025-11-04 08:00,4.530129359903311
2025-11-04 09:00,1.6945866938554863
2025-11-04 10:00,0.9199769908601364
2025-11-04 11:00,0.46691907652241704
2025-11-04 12:00,0.32573835576676663
2025-11-04 13:00,0.6359228734771208
2025-11-04 14:00,0.5071425044291197
2025-11-04 15:00,0.6751882573381709
2025-11-04 16:00,2.348434453499175
2025-11-04 17:00,2.264927690934029
2025-11-04 18:00,6.6592070099209195
2025-11-04 19:00,12.360949871406026
2025-11-04 20:00,13.276329324817015
2025-11-04 21:00,11.92686499761122
2025-11-04 22:00,11.772514084585564
2025-11-04 23:00,12.180857063362778
2025-11-05 00:00,12.701900188696648
2025-11-05 01:00,12.607412011381843
2025-11-05 02:00,11.335593036390758
2025-11-05 03:00,11.440963951660617
2025-11-05 04:00,12.871087053897305
2025-11-05 05:00,15.634425152575245
2025-11-05 06:00,13.997059141687247
2025-11-05 07:00,13.797437834031712
2025-11-05 08:00,7.070117442894184
2025-11-05 09:00,4.179532059473245
2025-11-05 10:00,2.375750584509588
2025-11-05 11:00,0.7144572399864052
2025-11-05 12:00,1.031334474285252
2025-11-05 13:00,0.6127701098248057
2025-11-05 14:00,1.0341555335544668
2025-11-05 15:00,1.4239996277036606
2025-11-05 16:00,5.243442894663576
2025-11-05 17:00,8.717033215439725
2025-11-05 18:00,8.410343586133003
2025-11-05 19:00,7.7185146952799
2025-11-05 20:00,9.56899355047927
2025-11-05 21:00,7.805996362303877
2025-11-05 22:00,9.602050834253749
2025-11-05 23:00,8.955352565513616
2025-11-06 00:00,9.345608588460372
2025-11-06 01:00,9.410289743887738
2025-11-06 02:00,9.766529670346506
2025-11-06 03:00,9.425571788295272
2025-11-06 04:00,11.89729246053437
2025-11-06 05:00,13.655382080268572
2025-11-06 06:00,8.829275710832961
2025-11-06 07:00,8.061422164482984
2025-11-06 08:00,2.928280311927939
2025-11-06 09:00,2.452986253653211
2025-11-06 10:00,1.9601263058122298
2025-11-06 11:00,1.5410668571659498
2025-11-06 12:00,7.020630790877334
2025-11-06 13:00,6.910473422910895
2025-11-06 14:00,6.081320120692045
2025-11-06 15:00,7.878407401842194
2025-11-06 16:00,8.512685452329825
2025-11-06 17:00,9.508087077655293
2025-11-06 18:00,9.089837913293117
2025-11-06 19:00,9.516794644693288
2025-11-06 20:00,7.1464515240837345
2025-11-06 21:00,5.596005866671306
2025-11-06 22:00,4.586529280925819
2025-11-06 23:00,5.025823311190504
2025-11-07 00:00,3.9482348156726035
2025-11-07 01:00,2.140602091052398
2025-11-07 02:00,1.6337801005656052
2025-11-07 03:00,2.887240728577463
2025-11-07 04:00,1.3327634448953687
2025-11-07 05:00,1.3370308514256866
2025-11-07 06:00,0.8952721677456169
2025-11-07 07:00,1.029147886728646
2025-11-07 08:00,0.5031070993381529
2025-11-07 09:00,0.3150190641371663
2025-11-07 10:00,0.0
2025-11-07 11:00,0.0
2025-11-07 12:00,0.0
2025-11-07 13:00,0.0
2025-11-07 14:00,0.17994580654292133
2025-11-07 15:00,0.0
2025-11-07 16:00,0.0
2025-11-07 17:00,0.443242620655095
2025-11-07 18:00,3.3149180719929485
2025-11-07 19:00,4.49826137371099
2025-11-07 20:00,4.978956756898308
2025-11-07 21:00,4.380596045040138
2025-11-07 22:00,3.074869975157162
2025-11-07 23:00,2.431239777937622
2025-11-08 00:00,4.323609985574969
2025-11-08 01:00,6.122313331998703
2025-11-08 02:00,7.141442641631941
2025-11-08 03:00,9.116292899968597
2025-11-08 04:00,9.930781319366671
2025-11-08 05:00,7.792130598863185
2025-11-08 06:00,7.615490134705359
2025-11-08 07:00,3.8304071078975936
2025-11-08 08:00,2.3810302385181505
2025-11-08 09:00,0.7975161560078227
2025-11-08 10:00,0.00771507646759361
2025-11-08 11:00,0.0
2025-11-08 12:00,0.0
2025-11-08 13:00,0.0
2025-11-08 14:00,0.0
2025-11-08 15:00,0.0
2025-11-08 16:00,0.9498163527733862
2025-11-08 17:00,1.9765435001111724
2025-11-08 18:00,1.7272344663950239
2025-11-08 19:00,3.386050502244838
2025-11-08 20:00,7.098825702678239
2025-11-08 21:00,9.00518530669108
2025-11-08 22:00,10.532417364512744
2025-11-08 23:00,10.210055352787453
2025-11-09 00:00,6.459145991349344
2025-11-09 01:00,4.056333029477962
2025-11-09 02:00,2.004830726210953
2025-11-09 03:00,1.6287687415346985
2025-11-09 04:00,2.8826527176506946
2025-11-09 05:00,3.729824094237666
2025-11-09 06:00,3.4658858574584905
2025-11-09 07:00,3.1646617504344285
2025-11-09 08:00,2.0565966238713176
2025-11-09 09:00,3.8423408312354925
2025-11-09 10:00,5.973694909901302
2025-11-09 11:00,6.599335788764049
2025-11-09 12:00,4.748633039053712
2025-11-09 13:00,10.689291923475475
2025-11-09 14:00,9.511715521281571
2025-11-09 15:00,11.371880890540568
2025-11-09 16:00,11.179430797970197
2025-11-09 17:00,15.035035527183274
2025-11-09 18:00,12.621621184873826
2025-11-09 19:00,14.540602492671734
2025-11-09 20:00,19.691386289940493
2025-11-09 21:00,31.76999458656308
2025-11-09 22:00,38.73582648570506
2025-11-09 23:00,41.65069772856705
2025-11-10 00:00,46.138473826485544
2025-11-10 01:00,44.6997925171082
2025-11-10 02:00,45.780282388024055
2025-11-10 03:00,35.40560721952516
2025-11-10 04:00,31.609463085316406
2025-11-10 05:00,27.97211004406632
2025-11-10 06:00,29.208213566264405
2025-11-10 07:00,34.109982549578575
2025-11-10 08:00,28.366822935038126
2025-11-10 09:00,31.02006738435608
2025-11-10 10:00,31.594390499849098
2025-11-10 11:00,29.731324679171763
2025-11-10 12:00,32.642858188910026
2025-11-10 13:00,33.606181038065245
2025-11-10 14:00,29.835111952318005
2025-11-10 15:00,29.784960488077786
2025-11-10 16:00,26.105079213451596
2025-11-10 17:00,19.379311171208634
2025-11-10 18:00,18.875034511871004
2025-11-10 19:00,13.523230685304984
2025-11-10 20:00,14.934424544142159
2025-11-10 21:00,10.432648943706099
2025-11-10 22:00,9.010875396750697
2025-11-10 23:00,8.741153111542676
2025-11-11 00:00,6.661959576686095
2025-11-11 01:00,13.471397268434018
2025-11-11 02:00,13.324684913808056
2025-11-11 03:00,11.243971288339896
2025-11-11 04:00,10.89500944672562
2025-11-11 05:00,11.376744258448232
2025-11-11 06:00,9.821682458146553
2025-11-11 07:00,9.026562766234022
2025-11-11 08:00,4.971637436672498
2025-11-11 09:00,1.2524504134845613
2025-11-11 10:00,1.6113868619198555
2025-11-11 11:00,0.7367154202016911
2025-11-11 12:00,0.8172748490017953
2025-11-11 13:00,2.592990528160215
2025-11-11 14:00,4.419478709359628
2025-11-11 15:00,2.6755879818959367
2025-11-11 16:00,6.2936378166454405
2025-11-11 17:00,6.748427557079579
2025-11-11 18:00,5.579909609625513
2025-11-11 19:00,5.329128469315636
2025-11-11 20:00,7.5017080715906825
2025-11-11 21:00,5.723425436534114
2025-11-11 22:00,7.225421246863227
2025-11-11 23:00,5.609558317363897
2025-11-12 00:00,12.350170732221802
2025-11-12 01:00,12.65659695673547
2025-11-12 02:00,13.186981040008256
2025-11-12 03:00,14.0465427498204
2025-11-12 04:00,15.48153580015827
2025-11-12 05:00,14.477620186930872
2025-11-12 06:00,12.87491397306478
2025-11-12 07:00,10.569593240488945
2025-11-12 08:00,7.5886690533215875
2025-11-12 09:00,3.183573528911323
2025-11-12 10:00,0.8112282327653878
2025-11-12 11:00,0.1158339862773674
2025-11-12 12:00,0.0
2025-11-12 13:00,0.0
2025-11-12 14:00,0.0
2025-11-12 15:00,0.29332002444131905
2025-11-12 16:00,0.5737760563184225
2025-11-12 17:00,2.8356568801013613
2025-11-12 18:00,7.610193488458336
2025-11-12 19:00,9.916824945466567
2025-11-12 20:00,7.129559897810538
2025-11-12 21:00,5.467801248744897
2025-11-12 22:00,4.496775218839158
2025-11-12 23:00,4.578266159270214
2025-11-13 00:00,8.324864353074034
2025-11-13 01:00,8.321483065981408
2025-11-13 02:00,7.848036614290837
2025-11-13 03:00,7.568985187289633
2025-11-13 04:00,7.928579097719522
2025-11-13 05:00,8.023943806356337
2025-11-13 06:00,5.805400658879851
2025-11-13 07:00,3.8481735873565257
2025-11-13 08:00,2.270109422104611
2025-11-13 09:00,0.12078267290290262
2025-11-13 10:00,0.0
2025-11-13 11:00,0.0
2025-11-13 12:00,0.019756595470508946
2025-11-13 13:00,0.7865289574705208
2025-11-13 14:00,1.5008202246887967
2025-11-13 15:00,5.324297445381073
2025-11-13 16:00,10.057329842317547
2025-11-13 17:00,15.498559247094718
2025-11-13 18:00,15.229325376471847
2025-11-13 19:00,15.225193239669714
2025-11-13 20:00,15.808647085971858
2025-11-13 21:00,13.997363479009612
2025-11-13 22:00,9.184458224701055
2025-11-13 23:00,9.096932702672381
2025-11-14 00:00,13.188668710428281
2025-11-14 01:00,14.200937579041383
2025-11-14 02:00,12.425547281532594
2025-11-14 03:00,11.339726810234932
2025-11-14 04:00,11.87982606449599
2025-11-14 05:00,15.337512506117031
2025-11-14 06:00,14.253548414492363
2025-11-14 07:00,10.931322608110378
2025-11-14 08:00,7.394473236436422
2025-11-14 09:00,10.719513584133956
2025-11-14 10:00,1.6695326702784172
2025-11-14 11:00,6.018594706182542
2025-11-14 12:00,8.649447096351786
2025-11-14 13:00,10.165012410443943
2025-11-14 14:00,13.8272001764449
2025-11-14 15:00,12.252537074633475
2025-11-14 16:00,17.530144549028197
2025-11-14 17:00,12.99350665192008
2025-11-14 18:00,15.845973197223834
2025-11-14 19:00,14.901238007112655
2025-11-14 20:00,13.958790783102572
2025-11-14 21:00,8.364443692181432
2025-11-14 22:00,13.537680676210801
2025-11-14 23:00,13.135675837489988
2025-11-15 00:00,11.91561820124343
2025-11-15 01:00,9.171345209587088
2025-11-15 02:00,9.26880901123095
2025-11-15 03:00,10.34099483817188
2025-11-15 04:00,9.689747971935027
2025-11-15 05:00,10.721540733413384
2025-11-15 06:00,8.838265658231261
2025-11-15 07:00,7.442264474367282
2025-11-15 08:00,5.313577196363665
2025-11-15 09:00,3.421806478640551
2025-11-15 10:00,0.9077821290706157
2025-11-15 11:00,0.29782120356851677
2025-11-15 12:00,0.7184379710201483
2025-11-15 13:00,0.0
2025-11-15 14:00,0.0
2025-11-15 15:00,0.15833161058471873
2025-11-15 16:00,0.6073956900163029
2025-11-15 17:00,2.7828712733322
2025-11-15 18:00,3.4066858494162813
2025-11-15 19:00,5.510460821512533
2025-11-15 20:00,6.621747194765829
2025-11-15 21:00,5.669656812531851
2025-11-15 22:00,4.2148712837893845
2025-11-15 23:00,6.733306312823305
2025-11-16 00:00,4.863632502963805
2025-11-16 01:00,6.595890282927153
2025-11-16 02:00,6.526685878112307
2025-11-16 03:00,6.637357549258748
2025-11-16 04:00,5.354480839459995
2025-11-16 05:00,5.91139996092683
2025-11-16 06:00,5.799293833808936
2025-11-16 07:00,3.2072641474250516
2025-11-16 08:00,0.8765132321712068
2025-11-16 09:00,0.3927211642203857
2025-11-16 10:00,0.0
2025-11-16 11:00,0.0
2025-11-16 12:00,1.3347575736223085
2025-11-16 13:00,0.7254018895937346
2025-11-16 14:00,0.4514327896671924
2025-11-16 15:00,1.3342499511543344
2025-11-16 16:00,2.1509689328863124
2025-11-16 17:00,3.1688274011409514
2025-11-16 18:00,7.75053279736455
2025-11-16 19:00,10.138831086093907
2025-11-16 20:00,14.206747309366698
2025-11-16 21:00,19.367910817645164
2025-11-16 22:00,21.954358711328403
2025-11-16 23:00,27.527018379703645
2025-11-17 00:00,31.882372956823822
2025-11-17 01:00,36.49721708258409
2025-11-17 02:00,35.50773294140853
2025-11-17 03:00,35.63180120536315
2025-11-17 04:00,44.060647634608735
2025-11-17 05:00,42.19100035748599
2025-11-17 06:00,40.3628767271106
2025-11-17 07:00,39.54789447303254
2025-11-17 08:00,38.261989791981605
2025-11-17 09:00,36.64711057847458
2025-11-17 10:00,37.328841764436945
2025-11-17 11:00,34.713174470821684
2025-11-17 12:00,33.387757776088804
2025-11-17 13:00,35.58290742130988
2025-11-17 14:00,39.80390098052162
2025-11-17 15:00,42.73876527265
2025-11-17 16:00,45.96623359952089
2025-11-17 17:00,44.56293655153674
2025-11-17 18:00,50.30673085480417
2025-11-17 19:00,49.529323033553695
2025-11-17 20:00,48.57045696531539
2025-11-17 21:00,48.84999432635148
2025-11-17 22:00,49.739081484436866
2025-11-17 23:00,48.7154230933272
2025-11-18 00:00,47.071810448088165
2025-11-18 01:00,46.35930588038834
2025-11-18 02:00,42.1165260106686
2025-11-18 03:00,43.07436895509054
2025-11-18 04:00,36.506981829597116
2025-11-18 05:00,36.518124460509
2025-11-18 06:00,28.900390660317687
2025-11-18 07:00,26.49674771137284
2025-11-18 08:00,20.087067515160825
2025-11-18 09:00,20.302987908163335
2025-11-18 10:00,24.985929507173438
2025-11-18 11:00,24.711155822996464
2025-11-18 12:00,26.938173209617553
2025-11-18 13:00,27.137173637226688
2025-11-18 14:00,21.887098621162103
2025-11-18 15:00,17.98477852380404
2025-11-18 16:00,31.129269647092308
2025-11-18 17:00,26.223843171406386
2025-11-18 18:00,21.54949281487676
2025-11-18 19:00,20.822168316413133
2025-11-18 20:00,22.924620796744577
2025-11-18 21:00,22.973781219322706
2025-11-18 22:00,23.29550567918161
2025-11-18 23:00,15.855141243043162
2025-11-19 00:00,13.20224567759951
2025-11-19 01:00,10.58133076308005
2025-11-19 02:00,9.595292293738401
2025-11-19 03:00,7.0221290638699205
2025-11-19 04:00,7.81955879001583
2025-11-19 05:00,8.236169532370033
2025-11-19 06:00,9.539641380843658
2025-11-19 07:00,6.29712776065195
2025-11-19 08:00,4.13293008710893
2025-11-19 09:00,2.332151896749427
2025-11-19 10:00,3.8033137861294724
2025-11-19 11:00,2.8535538084167276
2025-11-19 12:00,2.5165478845354268
2025-11-19 13:00,0.6001455362595122
2025-11-19 14:00,3.147018841100904
2025-11-19 15:00,2.0184414840243368
2025-11-19 16:00,3.039392266188434
2025-11-19 17:00,2.63355159805699
2025-11-19 18:00,3.2226178980014724
2025-11-19 19:00,1.3659315523632694
2025-11-19 20:00,2.3811987234166136
2025-11-19 21:00,1.8893161762053319
2025-11-19 22:00,3.0019081457625556
2025-11-19 23:00,2.240676597127948
2025-11-20 00:00,2.872455628419441
2025-11-20 01:00,2.7227225688577046
2025-11-20 02:00,2.5725190738806
2025-11-20 03:00,2.432482205150828
2025-11-20 04:00,2.5869353451685315
2025-11-20 05:00,4.644236271881808
2025-11-20 06:00,4.880061186001435
2025-11-20 07:00,6.227116759190479
2025-11-20 08:00,6.003596971640964
2025-11-20 09:00,1.2396326937116093
2025-11-20 10:00,1.894490883230438
2025-11-20 11:00,3.803305729706343
2025-11-20 12:00,3.5138480847676905
2025-11-20 13:00,2.321939594562099
2025-11-20 14:00,6.9033977251467
2025-11-20 15:00,8.751383275803134
2025-11-20 16:00,10.23156418206335
2025-11-20 17:00,11.2758682196436
2025-11-20 18:00,14.669684781512233
2025-11-20 19:00,12.869572143526776
2025-11-20 20:00,13.895179927766685
2025-11-20 21:00,18.16091538917592
2025-11-20 22:00,18.99926085664588
2025-11-20 23:00,21.67210362642705
2025-11-21 00:00,23.444810623783358
2025-11-21 01:00,19.0137202550174
2025-11-21 02:00,20.197879734731718
2025-11-21 03:00,15.03894003999271
2025-11-21 04:00,15.635778452326914
2025-11-21 05:00,10.990705367717128
2025-11-21 06:00,4.433697674867505
2025-11-21 07:00,5.781853374520942
2025-11-21 08:00,2.5354370204815244
2025-11-21 09:00,0.6913595878549756
2025-11-21 10:00,1.0098423140389534
2025-11-21 11:00,0.06550528092682738
2025-11-21 12:00,0.0
2025-11-21 13:00,0.06848686770801553
2025-11-21 14:00,0.0
2025-11-21 15:00,0.778162538697204
2025-11-21 16:00,0.0
2025-11-21 17:00,0.9144887625687018
2025-11-21 18:00,4.509369197626919
2025-11-21 19:00,5.377168349815376
2025-11-21 20:00,8.516737573921759
2025-11-21 21:00,11.244716164341302
2025-11-21 22:00,10.710088255363898
2025-11-21 23:00,10.809247424159379
2025-11-22 00:00,10.989888596674431
2025-11-22 01:00,13.811838488782813
2025-11-22 02:00,14.776589776667405
2025-11-22 03:00,14.275870605314685
2025-11-22 04:00,14.80040043414259
2025-11-22 05:00,16.241907838998642
2025-11-22 06:00,11.399893049286202
2025-11-22 07:00,10.857259753007236
2025-11-22 08:00,7.110581206727939
2025-11-22 09:00,1.8590933793702962
2025-11-22 10:00,0.4205347691736839
2025-11-22 11:00,0.0
2025-11-22 12:00,0.0
2025-11-22 13:00,0.0
2025-11-22 14:00,0.0
2025-11-22 15:00,1.1857657403684965
2025-11-22 16:00,0.0929168164359278
2025-11-22 17:00,0.45499661052462376
2025-11-22 18:00,4.57639182015234
2025-11-22 19:00,8.783781195727505
2025-11-22 20:00,9.765532428509433
2025-11-22 21:00,11.560316109291183
2025-11-22 22:00,11.060208156422068
2025-11-22 23:00,14.635189572611786
2025-11-23 00:00,11.27351382264444
2025-11-23 01:00,12.291601544335267
2025-11-23 02:00,10.7649405754125
2025-11-23 03:00,11.557210137871538
2025-11-23 04:00,12.564621226824444
2025-11-23 05:00,15.75130227438896
2025-11-23 06:00,11.984088354234691
2025-11-23 07:00,12.33586518590443
2025-11-23 08:00,7.97205156051614
2025-11-23 09:00,5.976954762628298
2025-11-23 10:00,9.996712351758715
2025-11-23 11:00,9.034807268395516
2025-11-23 12:00,7.344207001608271
2025-11-23 13:00,10.452541985051191
2025-11-23 14:00,11.772456923075477
2025-11-23 15:00,9.104037968182785
2025-11-23 16:00,8.689609940190069
2025-11-23 17:00,7.9735003136712495
2025-11-23 18:00,11.552764289086566
2025-11-23 19:00,15.496741530943687
2025-11-23 20:00,17.81056530496074
2025-11-23 21:00,18.33098818928502
2025-11-23 22:00,19.318029117607875
2025-11-23 23:00,18.734029184242036
2025-11-24 00:00,17.607117487696456
2025-11-24 01:00,13.974030806107587
2025-11-24 02:00,18.78369906438554
2025-11-24 03:00,16.511113120011927
2025-11-24 04:00,19.472291703397463
2025-11-24 05:00,20.694369740640905
2025-11-24 06:00,22.326654786247644
2025-11-24 07:00,20.946311321654967
2025-11-24 08:00,24.759740787768575
2025-11-24 09:00,23.05602833143817
2025-11-24 10:00,20.18839573532117
2025-11-24 11:00,18.50210893202428
2025-11-24 12:00,14.939214358325016
2025-11-24 13:00,11.23366364607055
2025-11-24 14:00,10.328277299488297
2025-11-24 15:00,8.652775032517
2025-11-24 16:00,7.963870090022331
2025-11-24 17:00,5.709862698590764
2025-11-24 18:00,11.118699015334878
2025-11-24 19:00,11.253143873100761
2025-11-24 20:00,12.009628322027353
2025-11-24 21:00,14.034704481399938
2025-11-24 22:00,14.158884451633808
2025-11-24 23:00,14.663341163488019
2025-11-25 00:00,16.68948193143363
2025-11-25 01:00,16.602817409734776
2025-11-25 02:00,16.970721217974095
2025-11-25 03:00,17.522876232357515
2025-11-25 04:00,18.548817021454955
2025-11-25 05:00,22.542656603127252
2025-11-25 06:00,23.085234176543864
2025-11-25 07:00,23.110185740767875
2025-11-25 08:00,43.539235397613865
2025-11-25 09:00,29.523073538042066
2025-11-25 10:00,38.99390296709949
2025-11-25 11:00,45.03377678133968
2025-11-25 12:00,40.174722092634454
2025-11-25 13:00,48.64034363020106
2025-11-25 14:00,49.93930380020218
2025-11-25 15:00,49.52852886844826
2025-11-25 16:00,47.32527974579804
2025-11-25 17:00,49.82318549489587
2025-11-25 18:00,48.210508248391434
2025-11-25 19:00,49.88116110519269
2025-11-25 20:00,46.51117611038865
2025-11-25 21:00,43.144810708611644
2025-11-25 22:00,40.525039702093906
2025-11-25 23:00,31.868734172128285
2025-11-26 00:00,25.35807920371294
2025-11-26 01:00,17.678239392816906
2025-11-26 02:00,13.254916845644166
2025-11-26 03:00,10.198974218223325
2025-11-26 04:00,7.478668001879195
2025-11-26 05:00,6.917725133441255
2025-11-26 06:00,5.939703103544526
2025-11-26 07:00,4.651851513158831
2025-11-26 08:00,2.5439046390916986
2025-11-26 09:00,3.1131784214618476
2025-11-26 10:00,0.6362477305934336
2025-11-26 11:00,0.11167850124937838
2025-11-26 12:00,1.2039094954168457
2025-11-26 13:00,1.4382615847802995
2025-11-26 14:00,2.1622545990955184
2025-11-26 15:00,1.1879668048981507
2025-11-26 16:00,1.1053509997284827
2025-11-26 17:00,1.7880093470692602
2025-11-26 18:00,0.0
2025-11-26 19:00,2.968330344352482
2025-11-26 20:00,5.658935905132868
2025-11-26 21:00,5.587296550350003
2025-11-26 22:00,8.181314235253446
2025-11-26 23:00,10.017023450976643
2025-11-27 00:00,13.966956889908554
2025-11-27 01:00,21.12900231749025
2025-11-27 02:00,24.585437137429448
2025-11-27 03:00,27.4151457368228
2025-11-27 04:00,31.25545203129372
2025-11-27 05:00,39.24142059089522
2025-11-27 06:00,43.8315114522476
2025-11-27 07:00,42.43538149269153
2025-11-27 08:00,41.61905838528868
2025-11-27 09:00,45.28840345858032
2025-11-27 10:00,45.60704079128463
2025-11-27 11:00,50.0805379234078
2025-11-27 12:00,49.62084737249742
2025-11-27 13:00,49.65362750868249
2025-11-27 14:00,36.14948913163934
2025-11-27 15:00,38.159290068268376
2025-11-27 16:00,40.757015437287095
2025-11-27 17:00,47.1341240346207
2025-11-27 18:00,54.434264966399695
2025-11-27 19:00,51.479600159152085
2025-11-27 20:00,50.145470260805425
2025-11-27 21:00,49.02806923270974
2025-11-27 22:00,55.1380478388096
2025-11-27 23:00,54.32529228825035
2025-11-28 00:00,48.18506426911767
2025-11-28 01:00,45.53507513622879
2025-11-28 02:00,49.897889535044264
2025-11-28 03:00,49.294976795523446
2025-11-28 04:00,37.931247131767265
2025-11-28 05:00,30.87255928951881
2025-11-28 06:00,25.93845078577577
2025-11-28 07:00,21.35513318353627
2025-11-28 08:00,15.613769825351005
2025-11-28 09:00,12.988155965838907
2025-11-28 10:00,8.781560679285246
2025-11-28 11:00,7.306773472295147
2025-11-28 12:00,7.946883819471285
2025-11-28 13:00,8.960006488642163
2025-11-28 14:00,7.517894881797128
2025-11-28 15:00,7.035414492703287
2025-11-28 16:00,7.040724337013158
2025-11-28 17:00,5.672219293794215
2025-11-28 18:00,6.503732686975881
2025-11-28 19:00,6.097615093483605
2025-11-28 20:00,3.58823615077423
2025-11-28 21:00,4.045336558670405
2025-11-28 22:00,6.860811689392938
2025-11-28 23:00,8.432539534653174
2025-11-29 00:00,11.084609587282229
2025-11-29 01:00,10.842222487723836
2025-11-29 02:00,12.697714816993747
2025-11-29 03:00,11.968663822284121
2025-11-29 04:00,11.95553376684859
2025-11-29 05:00,11.235404679243103
2025-11-29 06:00,12.122927776328702
2025-11-29 07:00,11.382365109523155
2025-11-29 08:00,9.528694516986485
2025-11-29 09:00,7.796109157981088
2025-11-29 10:00,13.349091003697414
2025-11-29 11:00,11.658822318595526
2025-11-29 12:00,23.01630932444911
2025-11-29 13:00,24.023741554549673
2025-11-29 14:00,25.356813395416737
2025-11-29 15:00,25.75376488465794
2025-11-29 16:00,27.91435366064703
2025-11-29 17:00,33.65407920777527
2025-11-29 18:00,34.95348319426665
2025-11-29 19:00,35.138617728522064
2025-11-29 20:00,35.42710716107396
2025-11-29 21:00,37.4733237197849
2025-11-29 22:00,39.61667194898354
2025-11-29 23:00,38.239232180420345
2025-11-30 00:00,37.587175416717066
2025-11-30 01:00,39.65374359551337
2025-11-30 02:00,37.5510225138517
2025-11-30 03:00,36.26798096459829
2025-11-30 04:00,36.100398559742935
2025-11-30 05:00,36.8608780063271
2025-11-30 06:00,28.51495392943041
2025-11-30 07:00,24.69439707126249
2025-11-30 08:00,23.90726230935311
2025-11-30 09:00,21.364384215041536
2025-11-30 10:00,22.159641415091887
2025-11-30 11:00,16.357202973351566
2025-11-30 12:00,19.873277123044897
2025-11-30 13:00,23.219372040494168
2025-11-30 14:00,18.65561154694318
2025-11-30 15:00,14.553775146090238
2025-11-30 16:00,18.88609534935963
2025-11-30 17:00,23.236183868202136
2025-11-30 18:00,25.621784889902813
2025-11-30 19:00,29.44065027013086
2025-11-30 20:00,23.201119593450525
2025-11-30 21:00,22.419775592982628
2025-11-30 22:00,18.124806923016223
2025-11-30 23:00,16.751596897295737
2025-12-01 00:00,14.868665401155523
2025-12-01 01:00,16.191270405063836
2025-12-01 02:00,21.817718621914523
2025-12-01 03:00,20.72983546080863
2025-12-01 04:00,25.46501679747162
2025-12-01 05:00,18.891441684693646
2025-12-01 06:00,20.821576886163733
2025-12-01 07:00,15.995400568952672
2025-12-01 08:00,13.93014136269215
2025-12-01 09:00,14.42135578322852
2025-12-01 10:00,8.418635368538254
2025-12-01 11:00,10.62276345039508
2025-12-01 12:00,16.037764512465266
2025-12-01 13:00,21.90896398147364
2025-12-01 14:00,21.09922041898652
2025-12-01 15:00,18.640088179321538
2025-12-01 16:00,19.72780567782997
2025-12-01 17:00,25.913541210539314
2025-12-01 18:00,26.618044350488308
2025-12-01 19:00,21.488862677415877
2025-12-01 20:00,20.57332736943315
2025-12-01 21:00,19.541852160207384
2025-12-01 22:00,17.704280823339833
2025-12-01 23:00,16.45807611654427
2025-12-02 00:00,19.53492134584521
2025-12-02 01:00,23.143855430724106
2025-12-02 02:00,22.39033072669251
2025-12-02 03:00,22.040811273860715
2025-12-02 04:00,23.58853230421428
2025-12-02 05:00,21.079135543409045
2025-12-02 06:00,24.944028294665415
2025-12-02 07:00,28.3921139988995
2025-12-02 08:00,34.34752703366925
2025-12-02 09:00,39.98462864355747
2025-12-02 10:00,40.254937801620144
2025-12-02 11:00,37.64299958969062
2025-12-02 12:00,35.317341175076535
2025-12-02 13:00,34.73817670546708
2025-12-02 14:00,35.0250732252845
2025-12-02 15:00,37.03910295888315
2025-12-02 16:00,42.41973744069415
2025-12-02 17:00,41.89975483147208
2025-12-02 18:00,41.807634979390656
2025-12-02 19:00,36.82896914464307
2025-12-02 20:00,42.74788594590433
2025-12-02 21:00,32.6073343374657
2025-12-02 22:00,26.541172831239734
2025-12-02 23:00,31.239509460349154
2025-12-03 00:00,41.598295584381766
2025-12-03 01:00,45.94659640903949
2025-12-03 02:00,46.88093448741329
2025-12-03 03:00,51.21737796184123
2025-12-03 04:00,50.62609245544865
2025-12-03 05:00,53.02142988555363
2025-12-03 06:00,39.65936329779529
2025-12-03 07:00,27.723737989625555
2025-12-03 08:00,31.632175110316336
2025-12-03 09:00,34.51759234659795
2025-12-03 10:00,41.09098144781226
2025-12-03 11:00,39.945183560300016
2025-12-03 12:00,42.76364657628053
2025-12-03 13:00,42.996218386168565
2025-12-03 14:00,52.90022261751946
2025-12-03 15:00,50.90923568209196
2025-12-03 16:00,53.07825963808931
2025-12-03 17:00,53.06237316891803
2025-12-03 18:00,51.97195436418666
2025-12-03 19:00,52.12180186196379
2025-12-03 20:00,49.11089183195726
2025-12-03 21:00,47.12055344954805
2025-12-03 22:00,44.79310212292854
2025-12-03 23:00,39.22728651782115
2025-12-04 00:00,33.707201935647674
2025-12-04 01:00,26.626667434103254
2025-12-04 02:00,26.26474868207153
2025-12-04 03:00,20.611548790042264
2025-12-04 04:00,20.29057405399302
2025-12-04 05:00,18.278331086400442
2025-12-04 06:00,14.086920426380852
2025-12-04 07:00,12.749515756525932
2025-12-04 08:00,8.213082354417427
2025-12-04 09:00,7.470543332285604
2025-12-04 10:00,4.798193460545633
2025-12-04 11:00,1.6783774891288603
2025-12-04 12:00,2.1691566733189833
2025-12-04 13:00,1.633392532710308
2025-12-04 14:00,3.1399045827457166
2025-12-04 15:00,1.3182679088332954
2025-12-04 16:00,7.926600183930153
2025-12-04 17:00,14.172221585627362
2025-12-04 18:00,18.685042167443044
2025-12-04 19:00,30.78017384589537
2025-12-04 20:00,34.24240879410492
2025-12-04 21:00,42.98551176752301
2025-12-04 22:00,58.225637409743
2025-12-04 23:00,59.370935696661036
2025-12-05 00:00,59.857136964584775
2025-12-05 01:00,57.67172711451938
2025-12-05 02:00,55.46524129407053
2025-12-05 03:00,45.8795610894285
2025-12-05 04:00,42.90235055309753
2025-12-05 05:00,38.83635554843116
2025-12-05 06:00,30.030172368297755
2025-12-05 07:00,26.278699445504618
2025-12-05 08:00,22.129282127155943
2025-12-05 09:00,14.614870099002774
2025-12-05 10:00,12.587293676391628
2025-12-05 11:00,12.678493580405016
2025-12-05 12:00,12.149306578347067
2025-12-05 13:00,14.473716295393292
2025-12-05 14:00,17.772946566826196
2025-12-05 15:00,14.120906237628786
2025-12-05 16:00,11.337446281360855
2025-12-05 17:00,13.727227322309567
2025-12-05 18:00,9.31802811122824
2025-12-05 19:00,7.814672763247285
2025-12-05 20:00,8.313500177933408
2025-12-05 21:00,9.312593353176748
2025-12-05 22:00,10.000289883888158
2025-12-05 23:00,7.791713452329006
2025-12-06 00:00,8.28722096336109
2025-12-06 01:00,7.927070012168115
2025-12-06 02:00,8.845926172728468
2025-12-06 03:00,10.340120959618222
2025-12-06 04:00,11.1122017282428
2025-12-06 05:00,9.89037809863187
2025-12-06 06:00,10.851391150218497
2025-12-06 07:00,10.952081043104103
2025-12-06 08:00,8.310130928169597
2025-12-06 09:00,3.049897531512007
2025-12-06 10:00,4.495475862849932
2025-12-06 11:00,5.508215230574097
2025-12-06 12:00,9.723127671519595
2025-12-06 13:00,13.913789914578684
2025-12-06 14:00,12.853762939173896
2025-12-06 15:00,23.415351339535235
2025-12-06 16:00,26.077122241420444
2025-12-06 17:00,29.514083721720894
2025-12-06 18:00,35.33427352249235
2025-12-06 19:00,37.45364899668657
2025-12-06 20:00,40.32104964886051
2025-12-06 21:00,42.188643821104264
2025-12-06 22:00,39.93175821251653
2025-12-06 23:00,36.2710070525026
2025-12-07 00:00,38.03785300564535
2025-12-07 01:00,36.97201540456265
2025-12-07 02:00,35.97359053613837
2025-12-07 03:00,35.08504914374428
2025-12-07 04:00,30.596724650105646
2025-12-07 05:00,23.865826555128976
2025-12-07 06:00,23.46672286992934
2025-12-07 07:00,23.5005947416904
2025-12-07 08:00,23.41501662681837
2025-12-07 09:00,22.766340993894385
2025-12-07 10:00,25.254537411428228
2025-12-07 11:00,22.23889327224139
2025-12-07 12:00,16.342360979084877
2025-12-07 13:00,17.145639808035497
2025-12-07 14:00,16.597308810826544
2025-12-07 15:00,18.757287656836898
2025-12-07 16:00,23.135197843629815
2025-12-07 17:00,16.524818160546005
2025-12-07 18:00,19.52078248488217
2025-12-07 19:00,19.202630822046377
2025-12-07 20:00,16.66277273351301
2025-12-07 21:00,15.835043001078013
2025-12-07 22:00,27.523407532121603
2025-12-07 23:00,35.02573113977054
2025-12-08 00:00,36.81215552604922
2025-12-08 01:00,42.447922781831814
2025-12-08 02:00,43.22075303231865
2025-12-08 03:00,46.057583102838656
2025-12-08 04:00,48.36071699418162
2025-12-08 05:00,51.500417399168356
2025-12-08 06:00,45.522604355191575
2025-12-08 07:00,38.97555671285694
2025-12-08 08:00,41.63418951688125
2025-12-08 09:00,36.48795368910517
2025-12-08 10:00,31.927322359943847
2025-12-08 11:00,33.82328502201901
2025-12-08 12:00,34.143109232320825
2025-12-08 13:00,33.11304546138605
2025-12-08 14:00,33.714203110085535
2025-12-08 15:00,32.240545737396246
2025-12-08 16:00,34.93166586209939
2025-12-08 17:00,28.02601510171023
2025-12-08 18:00,29.197822867708705
2025-12-08 19:00,23.868108693120867
2025-12-08 20:00,23.09386790859749
2025-12-08 21:00,17.599032722929486
2025-12-08 22:00,14.492151608486289
2025-12-08 23:00,12.625317297734966
2025-12-09 00:00,15.459125988743965
2025-12-09 01:00,13.041630104549844
2025-12-09 02:00,11.43588216139325
2025-12-09 03:00,10.696783986957172
2025-12-09 04:00,9.283855760312896
2025-12-09 05:00,7.603335303653821
2025-12-09 06:00,8.916246342209794
2025-12-09 07:00,4.279036417133444
2025-12-09 08:00,5.411032234871754
2025-12-09 09:00,1.9534086825966148
2025-12-09 10:00,1.8052843645174337
2025-12-09 11:00,1.2302549020584042
2025-12-09 12:00,0.0
2025-12-09 13:00,0.0
2025-12-09 14:00,0.0
2025-12-09 15:00,0.0
2025-12-09 16:00,0.0
2025-12-09 17:00,0.607670172408577
2025-12-09 18:00,2.6554056909973087
2025-12-09 19:00,3.01186675793555
2025-12-09 20:00,3.252585109539719
2025-12-09 21:00,3.883953956228227
2025-12-09 22:00,3.3496210562192776
2025-12-09 23:00,4.279010009289653
2025-12-10 00:00,7.871130220965781
2025-12-10 01:00,7.926985307798831
2025-12-10 02:00,8.886589882309462
2025-12-10 03:00,8.017105765613094
2025-12-10 04:00,8.599046677056922
2025-12-10 05:00,9.917402042146676
2025-12-10 06:00,8.793863972079535
2025-12-10 07:00,7.777117797861401
2025-12-10 08:00,5.6628521992697385
2025-12-10 09:00,3.8689310637775924
2025-12-10 10:00,2.771712118176071
2025-12-10 11:00,4.589625134296921
2025-12-10 12:00,4.540555990790897
2025-12-10 13:00,1.0212350627225193
2025-12-10 14:00,1.1132859161445632
2025-12-10 15:00,1.2969668885496648
2025-12-10 16:00,0.4311780036028633
2025-12-10 17:00,0.6166494080603394
2025-12-10 18:00,0.3411613817033168
2025-12-10 19:00,0.22510326148721035
2025-12-10 20:00,0.28405574286631496
2025-12-10 21:00,3.831983486954542
2025-12-10 22:00,4.635238447815235
2025-12-10 23:00,5.810120622373035
2025-12-11 00:00,11.151258239712016
2025-12-11 01:00,13.445458511424073
2025-12-11 02:00,15.964284806256973
2025-12-11 03:00,18.838563902474824
2025-12-11 04:00,23.998234479774872
2025-12-11 05:00,23.85324576685559
2025-12-11 06:00,19.809859702598
2025-12-11 07:00,18.107353297325
2025-12-11 08:00,18.419255486815814
2025-12-11 09:00,22.38934075307413
2025-12-11 10:00,32.71547150656532
2025-12-11 11:00,30.249174714560276
2025-12-11 12:00,35.96954429692424
2025-12-11 13:00,41.54201715177906
2025-12-11 14:00,46.85048424072927
2025-12-11 15:00,48.728785933696415
2025-12-11 16:00,54.83314016471242
2025-12-11 17:00,55.66710743585185
2025-12-11 18:00,57.92453344306543
2025-12-11 19:00,54.18244191752861
2025-12-11 20:00,52.01905563656939
2025-12-11 21:00,51.96734847966961
2025-12-11 22:00,50.97072294937672
2025-12-11 23:00,50.50640668987042
2025-12-12 00:00,45.47711046479894
2025-12-12 01:00,40.834235565559645
2025-12-12 02:00,36.37587784932844
2025-12-12 03:00,29.342969606056297
2025-12-12 04:00,27.055296271095838
2025-12-12 05:00,21.853025888739726
2025-12-12 06:00,20.073020649846555
2025-12-12 07:00,16.636693558406318
2025-12-12 08:00,12.35765429276449
2025-12-12 09:00,9.627693098409118
2025-12-12 10:00,7.739948386094211
2025-12-12 11:00,4.548651776306732
2025-12-12 12:00,5.303300292610229
2025-12-12 13:00,1.8842778276103898
2025-12-12 14:00,1.9873498452326603
2025-12-12 15:00,0.09387530703233307
2025-12-12 16:00,2.4392407207757842
2025-12-12 17:00,3.3624888326821805
2025-12-12 18:00,3.7818860297030734
2025-12-12 19:00,3.7333022757166643
2025-12-12 20:00,9.324987031213276
2025-12-12 21:00,11.828908886788048
2025-12-12 22:00,8.596633094637797
2025-12-12 23:00,7.585470655617283
2025-12-13 00:00,10.052666408401521
2025-12-13 01:00,9.949642364251282
2025-12-13 02:00,11.197803502411869
2025-12-13 03:00,10.883368027308592
2025-12-13 04:00,9.28463498401019
2025-12-13 05:00,10.014981889115495
2025-12-13 06:00,14.316892114124732
2025-12-13 07:00,15.992360176137714
2025-12-13 08:00,9.342911934024158
2025-12-13 09:00,7.7696111312275296
2025-12-13 10:00,6.880562978453
2025-12-13 11:00,4.52774252225432
2025-12-13 12:00,3.0407893340081986
2025-12-13 13:00,4.983154564304964
2025-12-13 14:00,8.366779322713658
2025-12-13 15:00,6.718934554938244
2025-12-13 16:00,11.739578736461329
2025-12-13 17:00,8.943000245379903
2025-12-13 18:00,9.510912094651113
2025-12-13 19:00,15.291573386038436
2025-12-13 20:00,19.130680594286904
2025-12-13 21:00,15.923191672230123
2025-12-13 22:00,16.559429108141725
2025-12-13 23:00,11.534799683748624
2025-12-14 00:00,17.342806732207706
2025-12-14 01:00,19.67253346267714
2025-12-14 02:00,20.377658276139254
2025-12-14 03:00,22.408042413580162
2025-12-14 04:00,22.836337861226262
2025-12-14 05:00,25.800163053101983
2025-12-14 06:00,23.979943069859115
2025-12-14 07:00,25.47802395283959
2025-12-14 08:00,19.44738723070157
2025-12-14 09:00,32.136812910708656
2025-12-14 10:00,36.8539251755257
2025-12-14 11:00,45.87508373658153
2025-12-14 12:00,41.35764863354275
2025-12-14 13:00,44.20927280996628
2025-12-14 14:00,39.08609727382846
2025-12-14 15:00,40.258899579557436
2025-12-14 16:00,44.252825506108366
2025-12-14 17:00,38.136061124748636
2025-12-14 18:00,41.278184942120845
2025-12-14 19:00,38.715147807690286
2025-12-14 20:00,32.607199562873845
2025-12-14 21:00,28.617514043681297
2025-12-14 22:00,17.127277613616034
2025-12-14 23:00,13.218386379906061
2025-12-15 00:00,10.013085802723985
2025-12-15 01:00,7.123268331644112
2025-12-15 02:00,6.869018569968673
2025-12-15 03:00,6.002093094518595
2025-12-15 04:00,4.447024120181295
2025-12-15 05:00,4.078044494979302
2025-12-15 06:00,8.13750885169892
2025-12-15 07:00,6.673852123697679
2025-12-15 08:00,6.40945324724162
2025-12-15 09:00,4.919388555638639
2025-12-15 10:00,1.935008013150302
2025-12-15 11:00,0.0
2025-12-15 12:00,0.0
2025-12-15 13:00,1.8994654428729543
2025-12-15 14:00,0.6988378104348881
2025-12-15 15:00,0.2513056978950125
2025-12-15 16:00,0.18735737491379623
2025-12-15 17:00,0.9597920118787184
2025-12-15 18:00,3.1752759623370905
2025-12-15 19:00,6.852755196909733
2025-12-15 20:00,9.576104412939705
2025-12-15 21:00,9.915495845077265
2025-12-15 22:00,14.074313849965087
2025-12-15 23:00,13.49389000418049
2025-12-16 00:00,15.31081329710698
2025-12-16 01:00,15.61224463834618
2025-12-16 02:00,15.050976481972365
2025-12-16 03:00,13.051220681426242
2025-12-16 04:00,14.271867432355565
2025-12-16 05:00,14.91201130796868
2025-12-16 06:00,14.56473378363053
2025-12-16 07:00,12.048857571905653
2025-12-16 08:00,10.044415636266775
2025-12-16 09:00,7.557955086799528
2025-12-16 10:00,5.9441681819534145
2025-12-16 11:00,4.154315808962636
2025-12-16 12:00,5.186947689700311
2025-12-16 13:00,4.7835496726485145
2025-12-16 14:00,2.4375260188394425
2025-12-16 15:00,4.2833067750401534
2025-12-16 16:00,5.32216357401481
2025-12-16 17:00,7.769522557384099
2025-12-16 18:00,7.673978451228236
2025-12-16 19:00,8.297447037158918
2025-12-16 20:00,8.442888634430862
2025-12-16 21:00,10.797571856847433
2025-12-16 22:00,11.097762324191628
2025-12-16 23:00,7.028517556036927
2025-12-17 00:00,6.194561450050585
2025-12-17 01:00,5.916261419178878
2025-12-17 02:00,6.2914211460332075
2025-12-17 03:00,3.8389934632629563
2025-12-17 04:00,7.69405173569435
2025-12-17 05:00,9.690381030341143
2025-12-17 06:00,9.593023424116733
2025-12-17 07:00,16.103355414325037
2025-12-17 08:00,16.242388990359927
2025-12-17 09:00,17.24136446203878
2025-12-17 10:00,26.6329190520148
2025-12-17 11:00,25.989564837962213
2025-12-17 12:00,29.70729561215441
2025-12-17 13:00,33.908512033282065
2025-12-17 14:00,30.55662245874702
2025-12-17 15:00,30.471985905733405
2025-12-17 16:00,30.337412312235415
2025-12-17 17:00,25.75851226297086
2025-12-17 18:00,22.888876722276226
2025-12-17 19:00,15.029132084852629
2025-12-17 20:00,13.949732525369102
2025-12-17 21:00,12.619372243656171
2025-12-17 22:00,9.814760736472463
2025-12-17 23:00,8.282656225433621
2025-12-18 00:00,9.057843480671586
2025-12-18 01:00,6.383949555972242
2025-12-18 02:00,6.765155895101577
2025-12-18 03:00,6.856592274235783
2025-12-18 04:00,8.709725894560414
2025-12-18 05:00,5.653301002898284
2025-12-18 06:00,4.254941252261269
2025-12-18 07:00,2.3946358348699186
2025-12-18 08:00,4.177370069533809
2025-12-18 09:00,3.95064939815513
2025-12-18 10:00,2.4572540945020376
2025-12-18 11:00,0.3678235935764929
2025-12-18 12:00,1.5957593492031437
2025-12-18 13:00,1.5794330409585535
2025-12-18 14:00,1.2613904893769676
2025-12-18 15:00,1.1053163289893864
2025-12-18 16:00,2.70229899577808
2025-12-18 17:00,2.6188261094700933
2025-12-18 18:00,6.348054583248639
2025-12-18 19:00,5.534326292298509
2025-12-18 20:00,6.3380728327762625
2025-12-18 21:00,5.6370616582643365
2025-12-18 22:00,8.069905444879552
2025-12-18 23:00,8.121309222658427
2025-12-19 00:00,8.967259237297244
2025-12-19 01:00,10.064693076414445
2025-12-19 02:00,11.020665042509448
2025-12-19 03:00,10.731563544196312
2025-12-19 04:00,9.699856403020416
2025-12-19 05:00,8.762700434757482
2025-12-19 06:00,7.031292017718222
2025-12-19 07:00,4.969426917725189
2025-12-19 08:00,4.843741607513353
2025-12-19 09:00,1.964607143386777
2025-12-19 10:00,1.6985088642106396
2025-12-19 11:00,0.0
2025-12-19 12:00,1.746916991848618
2025-12-19 13:00,1.7283436153262477
2025-12-19 14:00,2.3215759328187047
2025-12-19 15:00,3.924072715730978
2025-12-19 16:00,7.591696134454291
2025-12-19 17:00,9.770765943853723
2025-12-19 18:00,9.945293638851114
2025-12-19 19:00,10.122233912398963
2025-12-19 20:00,11.050503490343212
2025-12-19 21:00,12.110511875591119
2025-12-19 22:00,12.444473827849574
2025-12-19 23:00,8.33495736626074
2025-12-20 00:00,12.627729080214406
2025-12-20 01:00,9.306333675916193
2025-12-20 02:00,16.432636710907214
2025-12-20 03:00,18.72164135948469
2025-12-20 04:00,22.384220451464127
2025-12-20 05:00,24.92341820919048
2025-12-20 06:00,30.05480878853257
2025-12-20 07:00,32.210821759095595
2025-12-20 08:00,32.220828032874095
2025-12-20 09:00,30.28500163368026
2025-12-20 10:00,21.29751674199827
2025-12-20 11:00,17.885022739716543
2025-12-20 12:00,12.2405986029199
2025-12-20 13:00,10.985605652890344
2025-12-20 14:00,10.074078383871523
2025-12-20 15:00,11.288048548869076
2025-12-20 16:00,14.99029116735812
2025-12-20 17:00,22.37430574870896
2025-12-20 18:00,29.645426465870017
2025-12-20 19:00,31.656915210627826
2025-12-20 20:00,34.245995059149266
2025-12-20 21:00,43.03389175558918
2025-12-20 22:00,45.99905402340411
2025-12-20 23:00,42.724552137220115
2025-12-21 00:00,36.40547987685823
2025-12-21 01:00,42.682788077054944
2025-12-21 02:00,49.894406615392434
2025-12-21 03:00,54.14891295872294
2025-12-21 04:00,52.47045473941041
2025-12-21 05:00,53.334325927846834
2025-12-21 06:00,51.195448654769066
2025-12-21 07:00,50.53287522132719
2025-12-21 08:00,45.80953287235583
2025-12-21 09:00,42.11242487031605
2025-12-21 10:00,38.55426262388818
2025-12-21 11:00,39.49156615561054
2025-12-21 12:00,39.07508744120469
2025-12-21 13:00,38.584593795202224
2025-12-21 14:00,38.858896494025245
2025-12-21 15:00,40.49512521478282
2025-12-21 16:00,43.17668914113861
2025-12-21 17:00,36.48263705515434
2025-12-21 18:00,34.292814069718105
2025-12-21 19:00,33.51497678384678
2025-12-21 20:00,30.711266987127296
2025-12-21 21:00,29.447352703660375
2025-12-21 22:00,24.330173295642535
2025-12-21 23:00,23.751878771830363
2025-12-22 00:00,24.549313703144538
2025-12-22 01:00,21.445991657430874
2025-12-22 02:00,19.989081770189635
2025-12-22 03:00,20.384974378294007
2025-12-22 04:00,18.78559965065114
2025-12-22 05:00,18.103696228346724
2025-12-22 06:00,19.139518273195414
2025-12-22 07:00,16.071173595473105
2025-12-22 08:00,11.493437466841073
2025-12-22 09:00,8.4685994462694
2025-12-22 10:00,7.484988900141261
2025-12-22 11:00,5.4747977641031556
2025-12-22 12:00,5.128352133467536
2025-12-22 13:00,4.243160636207166
2025-12-22 14:00,4.990968707255802
2025-12-22 15:00,3.5053724014714684
2025-12-22 16:00,5.558247981710926
2025-12-22 17:00,4.8077261464232945
2025-12-22 18:00,9.602202894681293
2025-12-22 19:00,12.300806295274386
2025-12-22 20:00,11.477010014744492
2025-12-22 21:00,9.037754146430181
2025-12-22 22:00,9.268852867647574
2025-12-22 23:00,8.564415048485937
2025-12-23 00:00,16.0804494345311
2025-12-23 01:00,14.224109956671043
2025-12-23 02:00,12.839174054687728
2025-12-23 03:00,12.809613532717124
2025-12-23 04:00,12.432001776515147
2025-12-23 05:00,11.467968690749357
2025-12-23 06:00,13.433655990618279
2025-12-23 07:00,9.80130884921946
2025-12-23 08:00,8.55993787811283
2025-12-23 09:00,5.568502705020748
2025-12-23 10:00,6.913792060335975
2025-12-23 11:00,2.1961501264018515
2025-12-23 12:00,2.7874939280002544
2025-12-23 13:00,4.7497609217399654
2025-12-23 14:00,3.168663207055768
2025-12-23 15:00,9.866325811674717
2025-12-23 16:00,12.163595171235183
2025-12-23 17:00,8.763315535150126
2025-12-23 18:00,13.28154971117141
2025-12-23 19:00,13.049945116416783
2025-12-23 20:00,11.359779271622203
2025-12-23 21:00,6.646287528366878
2025-12-23 22:00,5.3260775876079
2025-12-23 23:00,4.626808398875982
2025-12-24 00:00,11.25257785015487
2025-12-24 01:00,15.68611673746592
2025-12-24 02:00,15.049197918821022
2025-12-24 03:00,20.139243750326763
2025-12-24 04:00,21.25729472830824
2025-12-24 05:00,28.046541695205693
2025-12-24 06:00,28.619383057307683
2025-12-24 07:00,33.76707677192968
2025-12-24 08:00,29.39346001973802
2025-12-24 09:00,33.24798933341195
2025-12-24 10:00,34.59977353861389
2025-12-24 11:00,32.41387745257242
2025-12-24 12:00,29.643364061136005
2025-12-24 13:00,30.75423703274445
2025-12-24 14:00,28.482736937518496
2025-12-24 15:00,30.12112583068782
2025-12-24 16:00,34.145954179118235
2025-12-24 17:00,35.88650369947642
2025-12-24 18:00,34.337712929060444
2025-12-24 19:00,32.27526334375055
2025-12-24 20:00,31.200870187931987
2025-12-24 21:00,29.12588634102978
2025-12-24 22:00,24.760645345439336
2025-12-24 23:00,22.665521978431855
2025-12-25 00:00,20.787071940235016
2025-12-25 01:00,20.080118423345528
2025-12-25 02:00,21.075772813265154
2025-12-25 03:00,26.77697785952793
2025-12-25 04:00,28.979880594098216
2025-12-25 05:00,25.988800529268193
2025-12-25 06:00,26.68689608803273
2025-12-25 07:00,29.21399910420317
2025-12-25 08:00,36.18907224499867
2025-12-25 09:00,44.48113057814611
2025-12-25 10:00,44.91384420191942
2025-12-25 11:00,50.62153863369154
2025-12-25 12:00,52.43118307614601
2025-12-25 13:00,57.47883385024298
2025-12-25 14:00,57.718876988883764
2025-12-25 15:00,56.76507433441414
2025-12-25 16:00,58.03814612172286
2025-12-25 17:00,60.85342833401393
2025-12-25 18:00,59.802264762073975
2025-12-25 19:00,59.40144825106425
2025-12-25 20:00,61.328932816935605
2025-12-25 21:00,60.214470872099106
2025-12-25 22:00,59.454405219364396
2025-12-25 23:00,63.956393005455894
2025-12-26 00:00,64.99474572845936
2025-12-26 01:00,64.23659438481039
2025-12-26 02:00,65.78367601028972
2025-12-26 03:00,62.4910275800969
2025-12-26 04:00,60.35400683084731
2025-12-26 05:00,59.16826168137952
2025-12-26 06:00,58.36647328387791
2025-12-26 07:00,56.41096493659765
2025-12-26 08:00,54.076885965740274
2025-12-26 09:00,50.065363855946195
2025-12-26 10:00,46.30378390085647
2025-12-26 11:00,42.68488629700276
2025-12-26 12:00,46.10508171276567
2025-12-26 13:00,44.42643335096548
2025-12-26 14:00,43.138740425901375
2025-12-26 15:00,40.0178775911627
2025-12-26 16:00,41.12823506417615
2025-12-26 17:00,41.08077651259799
2025-12-26 18:00,38.14373182742361
2025-12-26 19:00,30.769456614702605
2025-12-26 20:00,24.249363089271633
2025-12-26 21:00,18.036079729349666
2025-12-26 22:00,13.074895679885852
2025-12-26 23:00,12.133743072047466
2025-12-27 00:00,11.166474352764741
2025-12-27 01:00,12.829417480562226
2025-12-27 02:00,14.122112476046285
2025-12-27 03:00,8.869132006864554
2025-12-27 04:00,10.247951620530747
2025-12-27 05:00,8.116772778537316
2025-12-27 06:00,5.629797719737765
2025-12-27 07:00,2.8979927024542853
2025-12-27 08:00,2.1365263762864917
2025-12-27 09:00,2.930598937246747
2025-12-27 10:00,1.55507253592464
2025-12-27 11:00,1.0671949437231958
2025-12-27 12:00,2.3021094336135763
2025-12-27 13:00,5.678863029476987
2025-12-27 14:00,3.5340509486414846
2025-12-27 15:00,2.141236340014071
2025-12-27 16:00,0.618765075319514
2025-12-27 17:00,3.561807113778839
2025-12-27 18:00,4.046685460408008
2025-12-27 19:00,6.857538448466582
2025-12-27 20:00,10.771874240853025
2025-12-27 21:00,9.967171100535793
2025-12-27 22:00,8.903219121957555
2025-12-27 23:00,8.995277680216592
2025-12-28 00:00,9.792915775626787
2025-12-28 01:00,11.393784522449407
2025-12-28 02:00,12.086919456983205
2025-12-28 03:00,11.355295459184477
2025-12-28 04:00,12.949454051863153
2025-12-28 05:00,12.895882852918861
2025-12-28 06:00,14.88397080159361
2025-12-28 07:00,11.815603686343193
2025-12-28 08:00,9.312474189207936
2025-12-28 09:00,6.704144802765538
2025-12-28 10:00,4.517728692715219
2025-12-28 11:00,4.382550607652967
2025-12-28 12:00,8.53888821280228
2025-12-28 13:00,7.780111709166222
2025-12-28 14:00,6.704360254740369
2025-12-28 15:00,11.004979325777576
2025-12-28 16:00,14.473610234496904
2025-12-28 17:00,16.65778816124409
2025-12-28 18:00,18.73388071401679
2025-12-28 19:00,22.38839615295229
2025-12-28 20:00,29.38191435083789
2025-12-28 21:00,29.60220813733886
2025-12-28 22:00,27.592505319064227
2025-12-28 23:00,29.24819965457162
2025-12-29 00:00,27.81289772123217
2025-12-29 01:00,24.986290879716815
2025-12-29 02:00,28.605625088409422
2025-12-29 03:00,28.838063722218287
2025-12-29 04:00,35.0737623518504
2025-12-29 05:00,41.21035240757415
2025-12-29 06:00,40.6620692019618
2025-12-29 07:00,38.07284733099982
2025-12-29 08:00,38.59117861810657
2025-12-29 09:00,36.545420522595464
2025-12-29 10:00,33.18512077097142
2025-12-29 11:00,25.809042806024696
2025-12-29 12:00,24.48018981949996
2025-12-29 13:00,17.46430697282347
2025-12-29 14:00,12.922893462495923
2025-12-29 15:00,16.76408595121026
2025-12-29 16:00,18.347593647890292
2025-12-29 17:00,24.731818525117607
2025-12-29 18:00,29.795358978343312
2025-12-29 19:00,28.468491394690915
2025-12-29 20:00,23.375748401647346
2025-12-29 21:00,23.2870258204113
2025-12-29 22:00,22.604411711858834
2025-12-29 23:00,19.801888504960846
2025-12-30 00:00,20.202726120009043
2025-12-30 01:00,22.103703808182466
2025-12-30 02:00,22.650685746964385
2025-12-30 03:00,25.118375114167172
2025-12-30 04:00,26.433927327700427
2025-12-30 05:00,28.460180732409498
2025-12-30 06:00,26.205255945795585
2025-12-30 07:00,26.93244413853529
2025-12-30 08:00,27.719180139798144
2025-12-30 09:00,28.679444241541532
2025-12-30 10:00,25.46431570141167
2025-12-30 11:00,23.224428548496874
2025-12-30 12:00,27.265755573877755
2025-12-30 13:00,29.356295389523666
2025-12-30 14:00,29.39080318528253
2025-12-30 15:00,32.34488281653614
2025-12-30 16:00,31.908624311583765
2025-12-30 17:00,25.82317256561406
2025-12-30 18:00,23.463327566347612
2025-12-30 19:00,21.182341837522458
2025-12-30 20:00,17.67296064279469
2025-12-30 21:00,10.897454028126969
2025-12-30 22:00,7.950766539971285
2025-12-30 23:00,10.486605754033397
2025-12-31 00:00,13.233638208171977
2025-12-31 01:00,20.137342525496628
2025-12-31 02:00,22.737095112080542
2025-12-31 03:00,23.330010935781416
2025-12-31 04:00,31.733830182700572
2025-12-31 05:00,42.94783009718482
2025-12-31 06:00,44.57792202717464
2025-12-31 07:00,47.470700340836984
2025-12-31 08:00,48.65489303532733
2025-12-31 09:00,44.4346530655012
2025-12-31 10:00,42.39993761589582
2025-12-31 11:00,39.203631163571984
2025-12-31 12:00,38.917457569335525
2025-12-31 13:00,37.589167323840584
2025-12-31 14:00,36.90148073076956
2025-12-31 15:00,39.818199136162136
2025-12-31 16:00,42.210057658210886
2025-12-31 17:00,41.28821434873565
2025-12-31 18:00,43.452529246192384
2025-12-31 19:00,38.87147435909919
2025-12-31 20:00,38.63700351789153
2025-12-31 21:00,37.75629192019285
2025-12-31 22:00,32.61903676427096
2025-12-31 23:00,29.62190537259525
